2026-08-10T00:12:35.256-0500 [INFO]  Terraform version: 1.15.7
2026-08-10T00:12:35.287-0500 [DEBUG] using github.com/hashicorp/go-tfe v1.105.0
2026-08-10T00:12:35.287-0500 [DEBUG] using github.com/hashicorp/hcl/v2 v2.24.0
2026-08-10T00:12:35.287-0500 [DEBUG] using github.com/hashicorp/terraform-svchost v0.2.1
2026-08-10T00:12:35.287-0500 [DEBUG] using github.com/zclconf/go-cty v1.18.0
2026-08-10T00:12:35.287-0500 [INFO]  Go runtime version: go1.25.10
2026-08-10T00:12:35.287-0500 [INFO]  CLI args: []string{"C:\\ProgramData\\chocolatey\\lib\\terraform\\tools\\terraform.exe", "refresh", "-input=false"}
2026-08-10T00:12:35.290-0500 [DEBUG] Attempting to open CLI config file: C:\Users\Darkcaos64.PC-G\AppData\Roaming\terraform.rc
2026-08-10T00:12:35.291-0500 [DEBUG] File doesn't exist, but doesn't need to. Ignoring.
2026-08-10T00:12:35.291-0500 [DEBUG] ignoring non-existing provider search directory terraform.d/plugins
2026-08-10T00:12:35.291-0500 [DEBUG] ignoring non-existing provider search directory C:\Users\Darkcaos64.PC-G\AppData\Roaming\terraform.d\plugins
2026-08-10T00:12:35.292-0500 [DEBUG] ignoring non-existing provider search directory C:\Users\Darkcaos64.PC-G\AppData\Roaming\HashiCorp\Terraform\plugins
2026-08-10T00:12:35.292-0500 [INFO]  CLI command args: []string{"refresh", "-input=false"}
2026-08-10T00:12:35.867-0500 [DEBUG] checking for provisioner in "."
2026-08-10T00:12:35.867-0500 [DEBUG] checking for provisioner in "C:\\ProgramData\\chocolatey\\lib\\terraform\\tools"
2026-08-10T00:12:35.873-0500 [DEBUG] backend/local: Skipping interactive prompts for variables because input is disabled
2026-08-10T00:12:35.873-0500 [DEBUG] ReferenceTransformer: "var.az2" references: []
2026-08-10T00:12:35.873-0500 [DEBUG] ReferenceTransformer: "var.vpc_cidr" references: []
2026-08-10T00:12:35.873-0500 [DEBUG] ReferenceTransformer: "local.userdata (expand)" references: [var.az1]
2026-08-10T00:12:35.873-0500 [DEBUG] ReferenceTransformer: "var.ami_id" references: []
2026-08-10T00:12:35.873-0500 [DEBUG] ReferenceTransformer: "var.instance_type" references: []
2026-08-10T00:12:35.873-0500 [DEBUG] ReferenceTransformer: "var.db_password" references: []
2026-08-10T00:12:35.873-0500 [DEBUG] ReferenceTransformer: "var.az1" references: []
2026-08-10T00:12:35.873-0500 [DEBUG] Starting graph walk: walkInit
2026-08-10T00:12:35.874-0500 [DEBUG] created provider logger: level=debug
2026-08-10T00:12:35.874-0500 [INFO]  provider: configuring client automatic mTLS
2026-08-10T00:12:35.884-0500 [DEBUG] provider: starting plugin: path=.terraform/providers/registry.terraform.io/hashicorp/aws/6.58.0/windows_amd64/terraform-provider-aws_v6.58.0_x5.exe args=[".terraform/providers/registry.terraform.io/hashicorp/aws/6.58.0/windows_amd64/terraform-provider-aws_v6.58.0_x5.exe"]
2026-08-10T00:12:35.889-0500 [DEBUG] provider: plugin started: path=.terraform/providers/registry.terraform.io/hashicorp/aws/6.58.0/windows_amd64/terraform-provider-aws_v6.58.0_x5.exe pid=26832
2026-08-10T00:12:35.889-0500 [DEBUG] provider: waiting for RPC address: plugin=.terraform/providers/registry.terraform.io/hashicorp/aws/6.58.0/windows_amd64/terraform-provider-aws_v6.58.0_x5.exe
2026-08-10T00:12:35.981-0500 [DEBUG] provider.terraform-provider-aws_v6.58.0_x5.exe: Starting github.com/hashicorp/terraform-provider-aws@6.58.0 (go1.26.5)...
2026-08-10T00:12:35.981-0500 [DEBUG] provider.terraform-provider-aws_v6.58.0_x5.exe: Creating Terraform AWS Provider (SDKv2-style)...
2026-08-10T00:12:35.981-0500 [DEBUG] provider.terraform-provider-aws_v6.58.0_x5.exe: Initializing Terraform AWS Provider (SDKv2-style)...
2026-08-10T00:12:36.007-0500 [DEBUG] provider.terraform-provider-aws_v6.58.0_x5.exe: Creating Terraform AWS Provider (Framework-style)...
2026-08-10T00:12:36.008-0500 [DEBUG] provider.terraform-provider-aws_v6.58.0_x5.exe: Initializing Terraform AWS Provider (Framework-style)...
2026-08-10T00:12:36.038-0500 [INFO]  provider.terraform-provider-aws_v6.58.0_x5.exe: configuring server automatic mTLS: timestamp=2026-08-10T00:12:36.010-0500
2026-08-10T00:12:36.050-0500 [DEBUG] provider.terraform-provider-aws_v6.58.0_x5.exe: plugin address: address=127.0.0.1:10000 network=tcp timestamp=2026-08-10T00:12:36.050-0500
2026-08-10T00:12:36.050-0500 [DEBUG] provider: using plugin: version=5
2026-08-10T00:12:37.397-0500 [DEBUG] provider.stdio: received EOF, stopping recv loop: err="rpc error: code = Unavailable desc = error reading from server: EOF"
2026-08-10T00:12:37.433-0500 [INFO]  provider: plugin process exited: plugin=.terraform/providers/registry.terraform.io/hashicorp/aws/6.58.0/windows_amd64/terraform-provider-aws_v6.58.0_x5.exe id=26832
2026-08-10T00:12:37.433-0500 [DEBUG] provider: plugin exited
2026-08-10T00:12:37.433-0500 [DEBUG] Building and walking validate graph
2026-08-10T00:12:37.434-0500 [DEBUG] ProviderTransformer: "aws_db_subnet_group.main" (*terraform.NodeValidatableResource) needs provider["registry.terraform.io/hashicorp/aws"]
2026-08-10T00:12:37.434-0500 [DEBUG] ProviderTransformer: "aws_route.default" (*terraform.NodeValidatableResource) needs provider["registry.terraform.io/hashicorp/aws"]
2026-08-10T00:12:37.434-0500 [DEBUG] ProviderTransformer: "aws_vpc.main" (*terraform.NodeValidatableResource) needs provider["registry.terraform.io/hashicorp/aws"]
2026-08-10T00:12:37.434-0500 [DEBUG] ProviderTransformer: "aws_route_table_association.pub2" (*terraform.NodeValidatableResource) needs provider["registry.terraform.io/hashicorp/aws"]
2026-08-10T00:12:37.434-0500 [DEBUG] ProviderTransformer: "aws_subnet.pub2" (*terraform.NodeValidatableResource) needs provider["registry.terraform.io/hashicorp/aws"]
2026-08-10T00:12:37.434-0500 [DEBUG] ProviderTransformer: "aws_db_instance.pedidos" (*terraform.NodeValidatableResource) needs provider["registry.terraform.io/hashicorp/aws"]
2026-08-10T00:12:37.434-0500 [DEBUG] ProviderTransformer: "aws_lb_target_group_attachment.web2" (*terraform.NodeValidatableResource) needs provider["registry.terraform.io/hashicorp/aws"]
2026-08-10T00:12:37.434-0500 [DEBUG] ProviderTransformer: "aws_lb_target_group_attachment.web1" (*terraform.NodeValidatableResource) needs provider["registry.terraform.io/hashicorp/aws"]
2026-08-10T00:12:37.434-0500 [DEBUG] ProviderTransformer: "aws_subnet.priv2" (*terraform.NodeValidatableResource) needs provider["registry.terraform.io/hashicorp/aws"]
2026-08-10T00:12:37.434-0500 [DEBUG] ProviderTransformer: "aws_security_group.web" (*terraform.NodeValidatableResource) needs provider["registry.terraform.io/hashicorp/aws"]
2026-08-10T00:12:37.434-0500 [DEBUG] ProviderTransformer: "aws_route_table.public" (*terraform.NodeValidatableResource) needs provider["registry.terraform.io/hashicorp/aws"]
2026-08-10T00:12:37.434-0500 [DEBUG] ProviderTransformer: "aws_instance.web1" (*terraform.NodeValidatableResource) needs provider["registry.terraform.io/hashicorp/aws"]
2026-08-10T00:12:37.434-0500 [DEBUG] ProviderTransformer: "aws_internet_gateway.main" (*terraform.NodeValidatableResource) needs provider["registry.terraform.io/hashicorp/aws"]
2026-08-10T00:12:37.434-0500 [DEBUG] ProviderTransformer: "aws_security_group.alb" (*terraform.NodeValidatableResource) needs provider["registry.terraform.io/hashicorp/aws"]
2026-08-10T00:12:37.434-0500 [DEBUG] ProviderTransformer: "aws_lb.main" (*terraform.NodeValidatableResource) needs provider["registry.terraform.io/hashicorp/aws"]
2026-08-10T00:12:37.434-0500 [DEBUG] ProviderTransformer: "aws_lb_listener.http" (*terraform.NodeValidatableResource) needs provider["registry.terraform.io/hashicorp/aws"]
2026-08-10T00:12:37.434-0500 [DEBUG] ProviderTransformer: "aws_db_instance.inventario" (*terraform.NodeValidatableResource) needs provider["registry.terraform.io/hashicorp/aws"]
2026-08-10T00:12:37.434-0500 [DEBUG] ProviderTransformer: "aws_instance.web2" (*terraform.NodeValidatableResource) needs provider["registry.terraform.io/hashicorp/aws"]
2026-08-10T00:12:37.434-0500 [DEBUG] ProviderTransformer: "aws_subnet.priv1" (*terraform.NodeValidatableResource) needs provider["registry.terraform.io/hashicorp/aws"]
2026-08-10T00:12:37.434-0500 [DEBUG] ProviderTransformer: "aws_subnet.pub1" (*terraform.NodeValidatableResource) needs provider["registry.terraform.io/hashicorp/aws"]
2026-08-10T00:12:37.434-0500 [DEBUG] ProviderTransformer: "aws_lb_target_group.web" (*terraform.NodeValidatableResource) needs provider["registry.terraform.io/hashicorp/aws"]
2026-08-10T00:12:37.434-0500 [DEBUG] ProviderTransformer: "aws_route_table_association.pub1" (*terraform.NodeValidatableResource) needs provider["registry.terraform.io/hashicorp/aws"]
2026-08-10T00:12:37.434-0500 [DEBUG] ReferenceTransformer: "var.instance_type" references: []
2026-08-10T00:12:37.434-0500 [DEBUG] ReferenceTransformer: "output.db_inventario_endpoint (expand)" references: [aws_db_instance.inventario]
2026-08-10T00:12:37.434-0500 [DEBUG] ReferenceTransformer: "provider[\"registry.terraform.io/hashicorp/aws\"]" references: []
2026-08-10T00:12:37.434-0500 [DEBUG] ReferenceTransformer: "aws_security_group.web" references: [aws_vpc.main]
2026-08-10T00:12:37.434-0500 [DEBUG] ReferenceTransformer: "aws_lb.main" references: [aws_security_group.alb aws_subnet.pub1 aws_subnet.pub2]
2026-08-10T00:12:37.435-0500 [DEBUG] ReferenceTransformer: "aws_route_table_association.pub1" references: [aws_route_table.public aws_subnet.pub1]
2026-08-10T00:12:37.435-0500 [DEBUG] ReferenceTransformer: "output.web2_id (expand)" references: [aws_instance.web2]
2026-08-10T00:12:37.435-0500 [DEBUG] ReferenceTransformer: "output.alb_dns_name (expand)" references: [aws_lb.main]
2026-08-10T00:12:37.435-0500 [DEBUG] ReferenceTransformer: "aws_lb_listener.http" references: [aws_lb.main aws_lb_target_group.web]
2026-08-10T00:12:37.435-0500 [DEBUG] ReferenceTransformer: "aws_db_subnet_group.main" references: [aws_subnet.priv1 aws_subnet.priv2]
2026-08-10T00:12:37.435-0500 [DEBUG] ReferenceTransformer: "aws_db_instance.inventario" references: [aws_db_subnet_group.main var.db_password]
2026-08-10T00:12:37.435-0500 [DEBUG] ReferenceTransformer: "aws_instance.web2" references: [var.instance_type var.ami_id aws_security_group.web local.userdata (expand) aws_subnet.pub2]
2026-08-10T00:12:37.435-0500 [DEBUG] ReferenceTransformer: "aws_route_table.public" references: [aws_vpc.main]
2026-08-10T00:12:37.435-0500 [DEBUG] ReferenceTransformer: "aws_route.default" references: [aws_route_table.public aws_internet_gateway.main]
2026-08-10T00:12:37.435-0500 [DEBUG] ReferenceTransformer: "aws_subnet.priv1" references: [aws_vpc.main var.az1]
2026-08-10T00:12:37.435-0500 [DEBUG] ReferenceTransformer: "var.db_password" references: []
2026-08-10T00:12:37.435-0500 [DEBUG] ReferenceTransformer: "output.db_pedidos_endpoint (expand)" references: [aws_db_instance.pedidos]
2026-08-10T00:12:37.435-0500 [DEBUG] ReferenceTransformer: "aws_instance.web1" references: [aws_security_group.web local.userdata (expand) aws_subnet.pub1 var.instance_type var.ami_id]
2026-08-10T00:12:37.435-0500 [DEBUG] ReferenceTransformer: "aws_vpc.main" references: [var.vpc_cidr]
2026-08-10T00:12:37.435-0500 [DEBUG] ReferenceTransformer: "aws_subnet.pub1" references: [aws_vpc.main var.az1]
2026-08-10T00:12:37.435-0500 [DEBUG] ReferenceTransformer: "aws_route_table_association.pub2" references: [aws_route_table.public aws_subnet.pub2]
2026-08-10T00:12:37.436-0500 [DEBUG] ReferenceTransformer: "aws_lb_target_group_attachment.web1" references: [aws_lb_target_group.web aws_instance.web1]
2026-08-10T00:12:37.436-0500 [DEBUG] ReferenceTransformer: "var.vpc_cidr" references: []
2026-08-10T00:12:37.436-0500 [DEBUG] ReferenceTransformer: "output.web1_id (expand)" references: [aws_instance.web1]
2026-08-10T00:12:37.436-0500 [DEBUG] ReferenceTransformer: "aws_internet_gateway.main" references: [aws_vpc.main]
2026-08-10T00:12:37.436-0500 [DEBUG] ReferenceTransformer: "aws_lb_target_group.web" references: [aws_vpc.main]
2026-08-10T00:12:37.436-0500 [DEBUG] ReferenceTransformer: "var.az2" references: []
2026-08-10T00:12:37.436-0500 [DEBUG] ReferenceTransformer: "aws_subnet.pub2" references: [aws_vpc.main var.az2]
2026-08-10T00:12:37.436-0500 [DEBUG] ReferenceTransformer: "aws_db_instance.pedidos" references: [aws_db_subnet_group.main var.db_password]
2026-08-10T00:12:37.436-0500 [DEBUG] ReferenceTransformer: "var.az1" references: []
2026-08-10T00:12:37.436-0500 [DEBUG] ReferenceTransformer: "local.userdata (expand)" references: [var.az1]
2026-08-10T00:12:37.436-0500 [DEBUG] ReferenceTransformer: "output.vpc_id (expand)" references: [aws_vpc.main]
2026-08-10T00:12:37.436-0500 [DEBUG] ReferenceTransformer: "aws_lb_target_group_attachment.web2" references: [aws_lb_target_group.web aws_instance.web2]
2026-08-10T00:12:37.436-0500 [DEBUG] ReferenceTransformer: "aws_subnet.priv2" references: [aws_vpc.main var.az2]
2026-08-10T00:12:37.436-0500 [DEBUG] ReferenceTransformer: "aws_security_group.alb" references: [aws_vpc.main]
2026-08-10T00:12:37.436-0500 [DEBUG] ReferenceTransformer: "var.ami_id" references: []
2026-08-10T00:12:37.436-0500 [DEBUG] Starting graph walk: walkValidate
2026-08-10T00:12:37.437-0500 [DEBUG] created provider logger: level=debug
2026-08-10T00:12:37.437-0500 [INFO]  provider: configuring client automatic mTLS
2026-08-10T00:12:37.442-0500 [DEBUG] provider: starting plugin: path=.terraform/providers/registry.terraform.io/hashicorp/aws/6.58.0/windows_amd64/terraform-provider-aws_v6.58.0_x5.exe args=[".terraform/providers/registry.terraform.io/hashicorp/aws/6.58.0/windows_amd64/terraform-provider-aws_v6.58.0_x5.exe"]
2026-08-10T00:12:37.447-0500 [DEBUG] provider: plugin started: path=.terraform/providers/registry.terraform.io/hashicorp/aws/6.58.0/windows_amd64/terraform-provider-aws_v6.58.0_x5.exe pid=32736
2026-08-10T00:12:37.448-0500 [DEBUG] provider: waiting for RPC address: plugin=.terraform/providers/registry.terraform.io/hashicorp/aws/6.58.0/windows_amd64/terraform-provider-aws_v6.58.0_x5.exe
2026-08-10T00:12:37.545-0500 [DEBUG] provider.terraform-provider-aws_v6.58.0_x5.exe: Starting github.com/hashicorp/terraform-provider-aws@6.58.0 (go1.26.5)...
2026-08-10T00:12:37.545-0500 [DEBUG] provider.terraform-provider-aws_v6.58.0_x5.exe: Creating Terraform AWS Provider (SDKv2-style)...
2026-08-10T00:12:37.545-0500 [DEBUG] provider.terraform-provider-aws_v6.58.0_x5.exe: Initializing Terraform AWS Provider (SDKv2-style)...
2026-08-10T00:12:37.572-0500 [DEBUG] provider.terraform-provider-aws_v6.58.0_x5.exe: Creating Terraform AWS Provider (Framework-style)...
2026-08-10T00:12:37.572-0500 [DEBUG] provider.terraform-provider-aws_v6.58.0_x5.exe: Initializing Terraform AWS Provider (Framework-style)...
2026-08-10T00:12:37.602-0500 [INFO]  provider.terraform-provider-aws_v6.58.0_x5.exe: configuring server automatic mTLS: timestamp=2026-08-10T00:12:37.575-0500
2026-08-10T00:12:37.613-0500 [DEBUG] provider.terraform-provider-aws_v6.58.0_x5.exe: plugin address: address=127.0.0.1:10000 network=tcp timestamp=2026-08-10T00:12:37.613-0500
2026-08-10T00:12:37.613-0500 [DEBUG] provider: using plugin: version=5
2026-08-10T00:12:38.951-0500 [DEBUG] provider.stdio: received EOF, stopping recv loop: err="rpc error: code = Unavailable desc = error reading from server: EOF"
2026-08-10T00:12:38.972-0500 [INFO]  provider: plugin process exited: plugin=.terraform/providers/registry.terraform.io/hashicorp/aws/6.58.0/windows_amd64/terraform-provider-aws_v6.58.0_x5.exe id=32736
2026-08-10T00:12:38.972-0500 [DEBUG] provider: plugin exited
2026-08-10T00:12:38.973-0500 [DEBUG] Refresh is really just plan now, so creating a NormalMode plan
2026-08-10T00:12:38.973-0500 [DEBUG] Building and walking plan graph for NormalMode
2026-08-10T00:12:38.974-0500 [DEBUG] ProviderTransformer: "aws_instance.web1 (expand)" (*terraform.nodeExpandPlannableResource) needs provider["registry.terraform.io/hashicorp/aws"]
2026-08-10T00:12:38.974-0500 [DEBUG] ProviderTransformer: "aws_db_instance.inventario (expand)" (*terraform.nodeExpandPlannableResource) needs provider["registry.terraform.io/hashicorp/aws"]
2026-08-10T00:12:38.974-0500 [DEBUG] ProviderTransformer: "aws_db_instance.pedidos (expand)" (*terraform.nodeExpandPlannableResource) needs provider["registry.terraform.io/hashicorp/aws"]
2026-08-10T00:12:38.974-0500 [DEBUG] ProviderTransformer: "aws_subnet.priv2 (expand)" (*terraform.nodeExpandPlannableResource) needs provider["registry.terraform.io/hashicorp/aws"]
2026-08-10T00:12:38.974-0500 [DEBUG] ProviderTransformer: "aws_lb_target_group_attachment.web2 (expand)" (*terraform.nodeExpandPlannableResource) needs provider["registry.terraform.io/hashicorp/aws"]
2026-08-10T00:12:38.974-0500 [DEBUG] ProviderTransformer: "aws_route.default (expand)" (*terraform.nodeExpandPlannableResource) needs provider["registry.terraform.io/hashicorp/aws"]
2026-08-10T00:12:38.974-0500 [DEBUG] ProviderTransformer: "aws_subnet.pub1 (expand)" (*terraform.nodeExpandPlannableResource) needs provider["registry.terraform.io/hashicorp/aws"]
2026-08-10T00:12:38.974-0500 [DEBUG] ProviderTransformer: "aws_subnet.priv1 (expand)" (*terraform.nodeExpandPlannableResource) needs provider["registry.terraform.io/hashicorp/aws"]
2026-08-10T00:12:38.974-0500 [DEBUG] ProviderTransformer: "aws_subnet.pub2 (expand)" (*terraform.nodeExpandPlannableResource) needs provider["registry.terraform.io/hashicorp/aws"]
2026-08-10T00:12:38.974-0500 [DEBUG] ProviderTransformer: "aws_lb_target_group_attachment.web1 (expand)" (*terraform.nodeExpandPlannableResource) needs provider["registry.terraform.io/hashicorp/aws"]
2026-08-10T00:12:38.974-0500 [DEBUG] ProviderTransformer: "aws_instance.web2 (expand)" (*terraform.nodeExpandPlannableResource) needs provider["registry.terraform.io/hashicorp/aws"]
2026-08-10T00:12:38.974-0500 [DEBUG] ProviderTransformer: "aws_internet_gateway.main (expand)" (*terraform.nodeExpandPlannableResource) needs provider["registry.terraform.io/hashicorp/aws"]
2026-08-10T00:12:38.974-0500 [DEBUG] ProviderTransformer: "aws_lb_listener.http (expand)" (*terraform.nodeExpandPlannableResource) needs provider["registry.terraform.io/hashicorp/aws"]
2026-08-10T00:12:38.974-0500 [DEBUG] ProviderTransformer: "aws_security_group.alb (expand)" (*terraform.nodeExpandPlannableResource) needs provider["registry.terraform.io/hashicorp/aws"]
2026-08-10T00:12:38.974-0500 [DEBUG] ProviderTransformer: "aws_security_group.web (expand)" (*terraform.nodeExpandPlannableResource) needs provider["registry.terraform.io/hashicorp/aws"]
2026-08-10T00:12:38.974-0500 [DEBUG] ProviderTransformer: "aws_vpc.main (expand)" (*terraform.nodeExpandPlannableResource) needs provider["registry.terraform.io/hashicorp/aws"]
2026-08-10T00:12:38.974-0500 [DEBUG] ProviderTransformer: "aws_route_table_association.pub1 (expand)" (*terraform.nodeExpandPlannableResource) needs provider["registry.terraform.io/hashicorp/aws"]
2026-08-10T00:12:38.974-0500 [DEBUG] ProviderTransformer: "aws_lb.main (expand)" (*terraform.nodeExpandPlannableResource) needs provider["registry.terraform.io/hashicorp/aws"]
2026-08-10T00:12:38.974-0500 [DEBUG] ProviderTransformer: "aws_lb_target_group.web (expand)" (*terraform.nodeExpandPlannableResource) needs provider["registry.terraform.io/hashicorp/aws"]
2026-08-10T00:12:38.974-0500 [DEBUG] ProviderTransformer: "aws_route_table_association.pub2 (expand)" (*terraform.nodeExpandPlannableResource) needs provider["registry.terraform.io/hashicorp/aws"]
2026-08-10T00:12:38.974-0500 [DEBUG] ProviderTransformer: "aws_db_subnet_group.main (expand)" (*terraform.nodeExpandPlannableResource) needs provider["registry.terraform.io/hashicorp/aws"]
2026-08-10T00:12:38.974-0500 [DEBUG] ProviderTransformer: "aws_route_table.public (expand)" (*terraform.nodeExpandPlannableResource) needs provider["registry.terraform.io/hashicorp/aws"]
2026-08-10T00:12:38.974-0500 [DEBUG] ReferenceTransformer: "aws_db_instance.inventario (expand)" references: [aws_db_subnet_group.main (expand) var.db_password]
2026-08-10T00:12:38.974-0500 [DEBUG] ReferenceTransformer: "aws_internet_gateway.main (expand)" references: [aws_vpc.main (expand)]
2026-08-10T00:12:38.974-0500 [DEBUG] ReferenceTransformer: "output.alb_dns_name (expand)" references: [aws_lb.main (expand)]
2026-08-10T00:12:38.974-0500 [DEBUG] ReferenceTransformer: "aws_db_instance.pedidos (expand)" references: [var.db_password aws_db_subnet_group.main (expand)]
2026-08-10T00:12:38.974-0500 [DEBUG] ReferenceTransformer: "aws_lb_listener.http (expand)" references: [aws_lb.main (expand) aws_lb_target_group.web (expand)]
2026-08-10T00:12:38.974-0500 [DEBUG] ReferenceTransformer: "var.db_password" references: []
2026-08-10T00:12:38.974-0500 [DEBUG] ReferenceTransformer: "provider[\"registry.terraform.io/hashicorp/aws\"]" references: []
2026-08-10T00:12:38.974-0500 [DEBUG] ReferenceTransformer: "aws_subnet.priv2 (expand)" references: [aws_vpc.main (expand) var.az2]
2026-08-10T00:12:38.974-0500 [DEBUG] ReferenceTransformer: "aws_route_table_association.pub1 (expand)" references: [aws_route_table.public (expand) aws_subnet.pub1 (expand)]
2026-08-10T00:12:38.974-0500 [DEBUG] ReferenceTransformer: "aws_lb_target_group_attachment.web2 (expand)" references: [aws_lb_target_group.web (expand) aws_instance.web2 (expand)]
2026-08-10T00:12:38.974-0500 [DEBUG] ReferenceTransformer: "local.userdata (expand)" references: [var.az1]
2026-08-10T00:12:38.974-0500 [DEBUG] ReferenceTransformer: "aws_lb.main (expand)" references: [aws_security_group.alb (expand) aws_subnet.pub1 (expand) aws_subnet.pub2 (expand)]
2026-08-10T00:12:38.974-0500 [DEBUG] ReferenceTransformer: "aws_lb_target_group.web (expand)" references: [aws_vpc.main (expand)]
2026-08-10T00:12:38.974-0500 [DEBUG] ReferenceTransformer: "aws_route.default (expand)" references: [aws_internet_gateway.main (expand) aws_route_table.public (expand)]
2026-08-10T00:12:38.974-0500 [DEBUG] ReferenceTransformer: "aws_security_group.alb (expand)" references: [aws_vpc.main (expand)]
2026-08-10T00:12:38.974-0500 [DEBUG] ReferenceTransformer: "var.instance_type" references: []
2026-08-10T00:12:38.974-0500 [DEBUG] ReferenceTransformer: "var.az1" references: []
2026-08-10T00:12:38.974-0500 [DEBUG] ReferenceTransformer: "output.vpc_id (expand)" references: [aws_vpc.main (expand)]
2026-08-10T00:12:38.975-0500 [DEBUG] ReferenceTransformer: "aws_security_group.web (expand)" references: [aws_vpc.main (expand)]
2026-08-10T00:12:38.975-0500 [DEBUG] ReferenceTransformer: "aws_vpc.main (expand)" references: [var.vpc_cidr]
2026-08-10T00:12:38.975-0500 [DEBUG] ReferenceTransformer: "aws_subnet.pub1 (expand)" references: [aws_vpc.main (expand) var.az1]
2026-08-10T00:12:38.975-0500 [DEBUG] ReferenceTransformer: "aws_subnet.priv1 (expand)" references: [var.az1 aws_vpc.main (expand)]
2026-08-10T00:12:38.975-0500 [DEBUG] ReferenceTransformer: "var.ami_id" references: []
2026-08-10T00:12:38.975-0500 [DEBUG] ReferenceTransformer: "output.web1_id (expand)" references: [aws_instance.web1 (expand)]
2026-08-10T00:12:38.975-0500 [DEBUG] ReferenceTransformer: "output.web2_id (expand)" references: [aws_instance.web2 (expand)]
2026-08-10T00:12:38.975-0500 [DEBUG] ReferenceTransformer: "aws_instance.web1 (expand)" references: [local.userdata (expand) aws_subnet.pub1 (expand) var.instance_type var.ami_id aws_security_group.web (expand)]
2026-08-10T00:12:38.975-0500 [DEBUG] ReferenceTransformer: "var.az2" references: []
2026-08-10T00:12:38.975-0500 [DEBUG] ReferenceTransformer: "var.vpc_cidr" references: []
2026-08-10T00:12:38.975-0500 [DEBUG] ReferenceTransformer: "aws_subnet.pub2 (expand)" references: [aws_vpc.main (expand) var.az2]
2026-08-10T00:12:38.975-0500 [DEBUG] ReferenceTransformer: "aws_route_table_association.pub2 (expand)" references: [aws_subnet.pub2 (expand) aws_route_table.public (expand)]
2026-08-10T00:12:38.975-0500 [DEBUG] ReferenceTransformer: "aws_lb_target_group_attachment.web1 (expand)" references: [aws_instance.web1 (expand) aws_lb_target_group.web (expand)]
2026-08-10T00:12:38.975-0500 [DEBUG] ReferenceTransformer: "aws_db_subnet_group.main (expand)" references: [aws_subnet.priv1 (expand) aws_subnet.priv2 (expand)]
2026-08-10T00:12:38.975-0500 [DEBUG] ReferenceTransformer: "aws_instance.web2 (expand)" references: [local.userdata (expand) aws_subnet.pub2 (expand) var.instance_type var.ami_id aws_security_group.web (expand)]
2026-08-10T00:12:38.975-0500 [DEBUG] ReferenceTransformer: "aws_route_table.public (expand)" references: [aws_vpc.main (expand)]
2026-08-10T00:12:38.975-0500 [DEBUG] ReferenceTransformer: "output.db_pedidos_endpoint (expand)" references: [aws_db_instance.pedidos (expand)]
2026-08-10T00:12:38.975-0500 [DEBUG] ReferenceTransformer: "output.db_inventario_endpoint (expand)" references: [aws_db_instance.inventario (expand)]
2026-08-10T00:12:38.975-0500 [DEBUG] Starting graph walk: walkPlan
2026-08-10T00:12:38.976-0500 [DEBUG] created provider logger: level=debug
2026-08-10T00:12:38.976-0500 [INFO]  provider: configuring client automatic mTLS
2026-08-10T00:12:38.980-0500 [DEBUG] provider: starting plugin: path=.terraform/providers/registry.terraform.io/hashicorp/aws/6.58.0/windows_amd64/terraform-provider-aws_v6.58.0_x5.exe args=[".terraform/providers/registry.terraform.io/hashicorp/aws/6.58.0/windows_amd64/terraform-provider-aws_v6.58.0_x5.exe"]
2026-08-10T00:12:38.985-0500 [DEBUG] provider: plugin started: path=.terraform/providers/registry.terraform.io/hashicorp/aws/6.58.0/windows_amd64/terraform-provider-aws_v6.58.0_x5.exe pid=35396
2026-08-10T00:12:38.985-0500 [DEBUG] provider: waiting for RPC address: plugin=.terraform/providers/registry.terraform.io/hashicorp/aws/6.58.0/windows_amd64/terraform-provider-aws_v6.58.0_x5.exe
2026-08-10T00:12:39.081-0500 [DEBUG] provider.terraform-provider-aws_v6.58.0_x5.exe: Starting github.com/hashicorp/terraform-provider-aws@6.58.0 (go1.26.5)...
2026-08-10T00:12:39.081-0500 [DEBUG] provider.terraform-provider-aws_v6.58.0_x5.exe: Creating Terraform AWS Provider (SDKv2-style)...
2026-08-10T00:12:39.081-0500 [DEBUG] provider.terraform-provider-aws_v6.58.0_x5.exe: Initializing Terraform AWS Provider (SDKv2-style)...
2026-08-10T00:12:39.110-0500 [DEBUG] provider.terraform-provider-aws_v6.58.0_x5.exe: Creating Terraform AWS Provider (Framework-style)...
2026-08-10T00:12:39.110-0500 [DEBUG] provider.terraform-provider-aws_v6.58.0_x5.exe: Initializing Terraform AWS Provider (Framework-style)...
2026-08-10T00:12:39.139-0500 [INFO]  provider.terraform-provider-aws_v6.58.0_x5.exe: configuring server automatic mTLS: timestamp=2026-08-10T00:12:39.111-0500
2026-08-10T00:12:39.150-0500 [DEBUG] provider.terraform-provider-aws_v6.58.0_x5.exe: plugin address: network=tcp address=127.0.0.1:10000 timestamp=2026-08-10T00:12:39.150-0500
2026-08-10T00:12:39.150-0500 [DEBUG] provider: using plugin: version=5
2026-08-10T00:12:40.663-0500 [DEBUG] provider.terraform-provider-aws_v6.58.0_x5.exe: Configuring Terraform AWS Provider: tf_req_id=46a6784c-64ca-e238-0945-a707f8822483 @module=aws tf_mux_provider="*schema.GRPCProviderServer" tf_provider_addr=registry.terraform.io/hashicorp/aws tf_rpc=ConfigureProvider @caller=github.com/hashicorp/terraform-provider-aws/internal/conns/config.go:150 timestamp=2026-08-10T00:12:40.663-0500
2026-08-10T00:12:40.663-0500 [DEBUG] provider.terraform-provider-aws_v6.58.0_x5.exe: Resolving credentials provider: tf_mux_provider="*schema.GRPCProviderServer" tf_provider_addr=registry.terraform.io/hashicorp/aws @caller=github.com/hashicorp/aws-sdk-go-base/v2@v2.0.0-beta.73/logging/tf_logger.go:47 @module=aws.aws-base tf_req_id=46a6784c-64ca-e238-0945-a707f8822483 tf_rpc=ConfigureProvider timestamp=2026-08-10T00:12:40.663-0500
2026-08-10T00:12:40.663-0500 [DEBUG] provider.terraform-provider-aws_v6.58.0_x5.exe: Using authentication parameters: tf_aws.auth_fields=["access key", "secret key"] tf_provider_addr=registry.terraform.io/hashicorp/aws @caller=github.com/hashicorp/aws-sdk-go-base/v2@v2.0.0-beta.73/logging/tf_logger.go:47 tf_aws.auth_fields.source=provider tf_mux_provider="*schema.GRPCProviderServer" tf_req_id=46a6784c-64ca-e238-0945-a707f8822483 tf_rpc=ConfigureProvider @module=aws.aws-base timestamp=2026-08-10T00:12:40.663-0500
2026-08-10T00:12:40.663-0500 [INFO]  provider.terraform-provider-aws_v6.58.0_x5.exe: Retrieved credentials: tf_rpc=ConfigureProvider @caller=github.com/hashicorp/aws-sdk-go-base/v2@v2.0.0-beta.73/logging/tf_logger.go:39 tf_mux_provider="*schema.GRPCProviderServer" tf_provider_addr=registry.terraform.io/hashicorp/aws @module=aws.aws-base tf_aws.credentials_source=StaticCredentials tf_req_id=46a6784c-64ca-e238-0945-a707f8822483 timestamp=2026-08-10T00:12:40.663-0500
2026-08-10T00:12:40.663-0500 [DEBUG] provider.terraform-provider-aws_v6.58.0_x5.exe: Loading configuration: tf_provider_addr=registry.terraform.io/hashicorp/aws @caller=github.com/hashicorp/aws-sdk-go-base/v2@v2.0.0-beta.73/logging/tf_logger.go:47 @module=aws.aws-base tf_mux_provider="*schema.GRPCProviderServer" tf_req_id=46a6784c-64ca-e238-0945-a707f8822483 tf_rpc=ConfigureProvider timestamp=2026-08-10T00:12:40.663-0500
2026-08-10T00:12:40.663-0500 [DEBUG] provider.terraform-provider-aws_v6.58.0_x5.exe: Retrieving AWS account details: @caller=github.com/hashicorp/terraform-provider-aws/internal/conns/config.go:188 tf_provider_addr=registry.terraform.io/hashicorp/aws @module=aws tf_mux_provider="*schema.GRPCProviderServer" tf_req_id=46a6784c-64ca-e238-0945-a707f8822483 tf_rpc=ConfigureProvider timestamp=2026-08-10T00:12:40.663-0500
2026-08-10T00:12:40.665-0500 [DEBUG] ReferenceTransformer: "aws_vpc.main" references: []
2026-08-10T00:12:40.689-0500 [DEBUG] provider.terraform-provider-aws_v6.58.0_x5.exe: setting endpoint: tf_resource_type=aws_vpc @module=aws aws.region=us-east-1 tf_rpc=ReadResource @caller=github.com/hashicorp/terraform-provider-aws/internal/service/ec2/service_endpoint_resolver_gen.go:39 rpc.system.name=aws-api tf_aws.endpoint="map[Headers:<nil> Properties:map[] URI:map[ForceQuery:false Fragment: Host: OmitHost:false Opaque: Path: RawFragment: RawPath: RawQuery: Scheme: User:<nil>]]" tf_mux_provider="*schema.GRPCProviderServer" tf_provider_addr=registry.terraform.io/hashicorp/aws tf_req_id=9b89035f-46ff-17c3-178a-c75b58cf5431 rpc.method=EC2/DescribeVpcs tf_aws.sdk=aws-sdk-go-v2 timestamp=2026-08-10T00:12:40.689-0500
2026-08-10T00:12:40.689-0500 [DEBUG] provider.terraform-provider-aws_v6.58.0_x5.exe: HTTP Request Sent: http.user_agent="APN/1.0 HashiCorp/1.0 Terraform/1.15.7 (+https://www.terraform.io) terraform-provider-aws/6.58.0 (+https://registry.terraform.io/providers/hashicorp/aws) aws-sdk-go-v2/1.43.2 ua/2.1 os/windows lang/go#1.26.5 md/GOOS#windows md/GOARCH#amd64 api/ec2#1.318.0 m/C,e" rpc.method=EC2/DescribeVpcs tf_aws.signing_region="" http.method=POST http.request.header.amz_sdk_invocation_id=b6be9bb7-957a-4518-9b33-0c34e792f9ec http.request.header.authorization="AWS4-HMAC-SHA256 Credential=test/20260810/us-east-1/ec2/aws4_request, SignedHeaders=amz-sdk-invocation-id;amz-sdk-request;content-length;content-type;host;x-amz-date, Signature=*****" http.request.header.content_type=application/x-www-form-urlencoded http.request_content_length=59 http.url=http://localhost:4566/ rpc.system.name=aws-api tf_req_id=9b89035f-46ff-17c3-178a-c75b58cf5431 aws.region=us-east-1 http.request.header.amz_sdk_request="attempt=1; max=25" http.request.header.x_amz_date=20260810T051240Z net.peer.name=localhost tf_aws.sdk=aws-sdk-go-v2 tf_mux_provider="*schema.GRPCProviderServer" tf_resource_type=aws_vpc @module=aws
  http.request.body=
  | Action=DescribeVpcs&Version=2016-11-15&VpcId.1=vpc-2348b1b1
   net.peer.port=4566 tf_provider_addr=registry.terraform.io/hashicorp/aws tf_rpc=ReadResource @caller=github.com/hashicorp/aws-sdk-go-base/v2@v2.0.0-beta.73/logging/tf_logger.go:45 timestamp=2026-08-10T00:12:40.689-0500
2026-08-10T00:12:40.708-0500 [DEBUG] provider.terraform-provider-aws_v6.58.0_x5.exe: HTTP Response Received: @module=aws http.response.header.content_type=application/xml http.response.header.x_amz_request_id=dedfcfc5-1697-4a7d-8aa3-5358d5cfe50f rpc.system.name=aws-api tf_rpc=ReadResource @caller=github.com/hashicorp/aws-sdk-go-base/v2@v2.0.0-beta.73/logging/tf_logger.go:45 aws.region=us-east-1 http.duration=18 http.response.header.x_amzn_requestid=dedfcfc5-1697-4a7d-8aa3-5358d5cfe50f http.response_content_length=694 tf_aws.signing_region="" tf_resource_type=aws_vpc
  http.response.body=
  | <DescribeVpcsResponse xmlns="http://ec2.amazonaws.com/doc/2016-11-15/"><requestId>674b7e9c-ce27-423d-8278-ec75047d2e49</requestId><vpcSet><item><vpcId>vpc-2348b1b1</vpcId><state>available</state><cidrBlock>10.0.0.0/16</cidrBlock><dhcpOptionsId>dopt-default</dhcpOptionsId><instanceTenancy>default</instanceTenancy><isDefault>false</isDefault><ownerId>000000000000</ownerId><cidrBlockAssociationSet><item><associationId>vpc-cidr-assoc-b146b6ae</associationId><cidrBlock>10.0.0.0/16</cidrBlock><cidrBlockState><state>associated</state></cidrBlockState></item></cidrBlockAssociationSet><tagSet><item><key>Name</key><value>curso-vpc-tf</value></item></tagSet></item></vpcSet></DescribeVpcsResponse>
   rpc.method=EC2/DescribeVpcs tf_aws.sdk=aws-sdk-go-v2 tf_provider_addr=registry.terraform.io/hashicorp/aws http.response.header.date="Mon, 10 Aug 2026 05:12:40 GMT" http.response.header.x_amz_id_2=dedfcfc5-1697-4a7d-8aa3-5358d5cfe50f http.status_code=200 tf_mux_provider="*schema.GRPCProviderServer" tf_req_id=9b89035f-46ff-17c3-178a-c75b58cf5431 timestamp=2026-08-10T00:12:40.708-0500
2026-08-10T00:12:40.708-0500 [DEBUG] provider.terraform-provider-aws_v6.58.0_x5.exe: setting endpoint: tf_resource_type=aws_vpc @caller=github.com/hashicorp/terraform-provider-aws/internal/service/ec2/service_endpoint_resolver_gen.go:39 rpc.method=EC2/DescribeVpcAttribute tf_aws.endpoint="map[Headers:<nil> Properties:map[] URI:map[ForceQuery:false Fragment: Host: OmitHost:false Opaque: Path: RawFragment: RawPath: RawQuery: Scheme: User:<nil>]]" tf_mux_provider="*schema.GRPCProviderServer" tf_provider_addr=registry.terraform.io/hashicorp/aws aws.region=us-east-1 tf_aws.sdk=aws-sdk-go-v2 tf_req_id=9b89035f-46ff-17c3-178a-c75b58cf5431 tf_rpc=ReadResource @module=aws rpc.system.name=aws-api timestamp=2026-08-10T00:12:40.708-0500
2026-08-10T00:12:40.708-0500 [DEBUG] provider.terraform-provider-aws_v6.58.0_x5.exe: HTTP Request Sent: http.request.header.authorization="AWS4-HMAC-SHA256 Credential=test/20260810/us-east-1/ec2/aws4_request, SignedHeaders=amz-sdk-invocation-id;amz-sdk-request;content-length;content-type;host;x-amz-date, Signature=*****" tf_req_id=9b89035f-46ff-17c3-178a-c75b58cf5431 tf_rpc=ReadResource @module=aws http.method=POST
  http.request.body=
  | Action=DescribeVpcAttribute&Attribute=enableDnsHostnames&Version=2016-11-15&VpcId=vpc-2348b1b1
   http.request.header.content_type=application/x-www-form-urlencoded tf_aws.signing_region="" tf_resource_type=aws_vpc aws.region=us-east-1 http.request_content_length=94 http.url=http://localhost:4566/ http.user_agent="APN/1.0 HashiCorp/1.0 Terraform/1.15.7 (+https://www.terraform.io) terraform-provider-aws/6.58.0 (+https://registry.terraform.io/providers/hashicorp/aws) aws-sdk-go-v2/1.43.2 ua/2.1 os/windows lang/go#1.26.5 md/GOOS#windows md/GOARCH#amd64 api/ec2#1.318.0 m/e" net.peer.name=localhost net.peer.port=4566 rpc.method=EC2/DescribeVpcAttribute rpc.system.name=aws-api @caller=github.com/hashicorp/aws-sdk-go-base/v2@v2.0.0-beta.73/logging/tf_logger.go:45 http.request.header.amz_sdk_invocation_id=69260082-1b22-4dce-a88f-e90a9e871bbd http.request.header.amz_sdk_request="attempt=1; max=25" http.request.header.x_amz_date=20260810T051240Z tf_aws.sdk=aws-sdk-go-v2 tf_mux_provider="*schema.GRPCProviderServer" tf_provider_addr=registry.terraform.io/hashicorp/aws timestamp=2026-08-10T00:12:40.708-0500
2026-08-10T00:12:40.750-0500 [DEBUG] provider.terraform-provider-aws_v6.58.0_x5.exe: HTTP Response Received: http.response.header.x_amz_id_2=32749195-eff3-45e9-87df-ce7c1a554a02 http.response.header.x_amz_request_id=32749195-eff3-45e9-87df-ce7c1a554a02 http.response.header.x_amzn_requestid=32749195-eff3-45e9-87df-ce7c1a554a02
  http.response.body=
  | <DescribeVpcAttributeResponse xmlns="http://ec2.amazonaws.com/doc/2016-11-15/"><requestId>5d57ddb5-3db2-4e56-b333-28f9573a47ce</requestId><vpcId>vpc-2348b1b1</vpcId><enableDnsHostnames><value>true</value></enableDnsHostnames></DescribeVpcAttributeResponse>
   http.response.header.date="Mon, 10 Aug 2026 05:12:40 GMT" http.response_content_length=256 rpc.method=EC2/DescribeVpcAttribute tf_aws.sdk=aws-sdk-go-v2 tf_provider_addr=registry.terraform.io/hashicorp/aws tf_req_id=9b89035f-46ff-17c3-178a-c75b58cf5431 tf_resource_type=aws_vpc @module=aws aws.region=us-east-1 http.status_code=200 rpc.system.name=aws-api tf_aws.signing_region="" tf_mux_provider="*schema.GRPCProviderServer" tf_rpc=ReadResource @caller=github.com/hashicorp/aws-sdk-go-base/v2@v2.0.0-beta.73/logging/tf_logger.go:45 http.duration=41 http.response.header.content_type=application/xml timestamp=2026-08-10T00:12:40.750-0500
2026-08-10T00:12:40.751-0500 [DEBUG] provider.terraform-provider-aws_v6.58.0_x5.exe: setting endpoint: aws.region=us-east-1 tf_provider_addr=registry.terraform.io/hashicorp/aws tf_resource_type=aws_vpc tf_aws.endpoint="map[Headers:<nil> Properties:map[] URI:map[ForceQuery:false Fragment: Host: OmitHost:false Opaque: Path: RawFragment: RawPath: RawQuery: Scheme: User:<nil>]]" tf_mux_provider="*schema.GRPCProviderServer" @caller=github.com/hashicorp/terraform-provider-aws/internal/service/ec2/service_endpoint_resolver_gen.go:39 rpc.method=EC2/DescribeVpcAttribute rpc.system.name=aws-api tf_aws.sdk=aws-sdk-go-v2 tf_req_id=9b89035f-46ff-17c3-178a-c75b58cf5431 tf_rpc=ReadResource @module=aws timestamp=2026-08-10T00:12:40.750-0500
2026-08-10T00:12:40.751-0500 [DEBUG] provider.terraform-provider-aws_v6.58.0_x5.exe: HTTP Request Sent: http.request.header.x_amz_date=20260810T051240Z http.request_content_length=92 http.user_agent="APN/1.0 HashiCorp/1.0 Terraform/1.15.7 (+https://www.terraform.io) terraform-provider-aws/6.58.0 (+https://registry.terraform.io/providers/hashicorp/aws) aws-sdk-go-v2/1.43.2 ua/2.1 os/windows lang/go#1.26.5 md/GOOS#windows md/GOARCH#amd64 api/ec2#1.318.0 m/e" net.peer.name=localhost http.url=http://localhost:4566/ net.peer.port=4566 rpc.method=EC2/DescribeVpcAttribute tf_aws.signing_region="" tf_provider_addr=registry.terraform.io/hashicorp/aws tf_resource_type=aws_vpc http.request.header.amz_sdk_invocation_id=8a70f874-71af-46f7-b90e-c4a6e19b69ff http.request.header.content_type=application/x-www-form-urlencoded rpc.system.name=aws-api tf_mux_provider="*schema.GRPCProviderServer" tf_rpc=ReadResource @caller=github.com/hashicorp/aws-sdk-go-base/v2@v2.0.0-beta.73/logging/tf_logger.go:45 aws.region=us-east-1
  http.request.body=
  | Action=DescribeVpcAttribute&Attribute=enableDnsSupport&Version=2016-11-15&VpcId=vpc-2348b1b1
   http.request.header.amz_sdk_request="attempt=1; max=25" tf_aws.sdk=aws-sdk-go-v2 tf_req_id=9b89035f-46ff-17c3-178a-c75b58cf5431 @module=aws http.method=POST http.request.header.authorization="AWS4-HMAC-SHA256 Credential=test/20260810/us-east-1/ec2/aws4_request, SignedHeaders=amz-sdk-invocation-id;amz-sdk-request;content-length;content-type;host;x-amz-date, Signature=*****" timestamp=2026-08-10T00:12:40.751-0500
2026-08-10T00:12:40.795-0500 [DEBUG] provider.terraform-provider-aws_v6.58.0_x5.exe: HTTP Response Received: aws.region=us-east-1 rpc.system.name=aws-api tf_aws.sdk=aws-sdk-go-v2 tf_provider_addr=registry.terraform.io/hashicorp/aws @module=aws http.response.header.content_type=application/xml http.response.header.date="Mon, 10 Aug 2026 05:12:40 GMT" http.response.header.x_amz_id_2=9fdfc91b-ef6e-49fa-81df-2b3f4524ed08 http.response.header.x_amz_request_id=9fdfc91b-ef6e-49fa-81df-2b3f4524ed08 http.status_code=200 rpc.method=EC2/DescribeVpcAttribute tf_rpc=ReadResource @caller=github.com/hashicorp/aws-sdk-go-base/v2@v2.0.0-beta.73/logging/tf_logger.go:45 http.duration=43
  http.response.body=
  | <DescribeVpcAttributeResponse xmlns="http://ec2.amazonaws.com/doc/2016-11-15/"><requestId>fe787516-6cc5-49e6-a170-1d833080d7f0</requestId><vpcId>vpc-2348b1b1</vpcId><enableDnsSupport><value>true</value></enableDnsSupport></DescribeVpcAttributeResponse>
   http.response_content_length=252 tf_aws.signing_region="" tf_req_id=9b89035f-46ff-17c3-178a-c75b58cf5431 http.response.header.x_amzn_requestid=9fdfc91b-ef6e-49fa-81df-2b3f4524ed08 tf_mux_provider="*schema.GRPCProviderServer" tf_resource_type=aws_vpc timestamp=2026-08-10T00:12:40.795-0500
2026-08-10T00:12:40.795-0500 [DEBUG] provider.terraform-provider-aws_v6.58.0_x5.exe: setting endpoint: tf_aws.endpoint="map[Headers:<nil> Properties:map[] URI:map[ForceQuery:false Fragment: Host: OmitHost:false Opaque: Path: RawFragment: RawPath: RawQuery: Scheme: User:<nil>]]" tf_req_id=9b89035f-46ff-17c3-178a-c75b58cf5431 tf_rpc=ReadResource tf_resource_type=aws_vpc @caller=github.com/hashicorp/terraform-provider-aws/internal/service/ec2/service_endpoint_resolver_gen.go:39 rpc.system.name=aws-api @module=aws aws.region=us-east-1 rpc.method=EC2/DescribeVpcAttribute tf_aws.sdk=aws-sdk-go-v2 tf_mux_provider="*schema.GRPCProviderServer" tf_provider_addr=registry.terraform.io/hashicorp/aws timestamp=2026-08-10T00:12:40.795-0500
2026-08-10T00:12:40.795-0500 [DEBUG] provider.terraform-provider-aws_v6.58.0_x5.exe: HTTP Request Sent: net.peer.name=localhost net.peer.port=4566 rpc.method=EC2/DescribeVpcAttribute tf_req_id=9b89035f-46ff-17c3-178a-c75b58cf5431 http.request.header.amz_sdk_request="attempt=1; max=25" rpc.system.name=aws-api tf_aws.sdk=aws-sdk-go-v2 tf_aws.signing_region="" tf_mux_provider="*schema.GRPCProviderServer" tf_rpc=ReadResource aws.region=us-east-1 http.request.header.amz_sdk_invocation_id=4988c2c4-ec8b-4180-b72c-f0d7f225902c tf_provider_addr=registry.terraform.io/hashicorp/aws tf_resource_type=aws_vpc http.request_content_length=108 @caller=github.com/hashicorp/aws-sdk-go-base/v2@v2.0.0-beta.73/logging/tf_logger.go:45 @module=aws http.method=POST http.request.header.x_amz_date=20260810T051240Z http.url=http://localhost:4566/
  http.request.body=
  | Action=DescribeVpcAttribute&Attribute=enableNetworkAddressUsageMetrics&Version=2016-11-15&VpcId=vpc-2348b1b1
   http.request.header.authorization="AWS4-HMAC-SHA256 Credential=test/20260810/us-east-1/ec2/aws4_request, SignedHeaders=amz-sdk-invocation-id;amz-sdk-request;content-length;content-type;host;x-amz-date, Signature=*****" http.request.header.content_type=application/x-www-form-urlencoded http.user_agent="APN/1.0 HashiCorp/1.0 Terraform/1.15.7 (+https://www.terraform.io) terraform-provider-aws/6.58.0 (+https://registry.terraform.io/providers/hashicorp/aws) aws-sdk-go-v2/1.43.2 ua/2.1 os/windows lang/go#1.26.5 md/GOOS#windows md/GOARCH#amd64 api/ec2#1.318.0 m/e" timestamp=2026-08-10T00:12:40.795-0500
2026-08-10T00:12:40.839-0500 [DEBUG] provider.terraform-provider-aws_v6.58.0_x5.exe: HTTP Response Received: rpc.method=EC2/DescribeVpcAttribute tf_resource_type=aws_vpc aws.region=us-east-1 http.response.header.x_amzn_requestid=a2a545e4-ddda-4d72-bacf-a7301812cd58 tf_mux_provider="*schema.GRPCProviderServer" tf_provider_addr=registry.terraform.io/hashicorp/aws @module=aws http.response.header.content_type=application/xml http.response.header.date="Mon, 10 Aug 2026 05:12:40 GMT" http.response.header.x_amz_id_2=a2a545e4-ddda-4d72-bacf-a7301812cd58 http.response.header.x_amz_request_id=a2a545e4-ddda-4d72-bacf-a7301812cd58 tf_aws.sdk=aws-sdk-go-v2 tf_aws.signing_region="" tf_rpc=ReadResource
  http.response.body=
  | <DescribeVpcAttributeResponse xmlns="http://ec2.amazonaws.com/doc/2016-11-15/"><requestId>0484cfec-de9a-40cf-98d0-4f73826798b0</requestId><vpcId>vpc-2348b1b1</vpcId><enableNetworkAddressUsageMetrics><value>false</value></enableNetworkAddressUsageMetrics></DescribeVpcAttributeResponse>
   http.status_code=200 rpc.system.name=aws-api tf_req_id=9b89035f-46ff-17c3-178a-c75b58cf5431 @caller=github.com/hashicorp/aws-sdk-go-base/v2@v2.0.0-beta.73/logging/tf_logger.go:45 http.duration=44 http.response_content_length=285 timestamp=2026-08-10T00:12:40.839-0500
2026-08-10T00:12:40.839-0500 [DEBUG] provider.terraform-provider-aws_v6.58.0_x5.exe: setting endpoint: tf_req_id=9b89035f-46ff-17c3-178a-c75b58cf5431 tf_rpc=ReadResource @module=aws tf_aws.endpoint="map[Headers:<nil> Properties:map[] URI:map[ForceQuery:false Fragment: Host: OmitHost:false Opaque: Path: RawFragment: RawPath: RawQuery: Scheme: User:<nil>]]" tf_mux_provider="*schema.GRPCProviderServer" tf_aws.sdk=aws-sdk-go-v2 tf_provider_addr=registry.terraform.io/hashicorp/aws tf_resource_type=aws_vpc aws.region=us-east-1 rpc.method=EC2/DescribeNetworkAcls @caller=github.com/hashicorp/terraform-provider-aws/internal/service/ec2/service_endpoint_resolver_gen.go:39 rpc.system.name=aws-api timestamp=2026-08-10T00:12:40.839-0500
2026-08-10T00:12:40.839-0500 [DEBUG] provider.terraform-provider-aws_v6.58.0_x5.exe: HTTP Request Sent: aws.region=us-east-1 http.method=POST http.request.header.authorization="AWS4-HMAC-SHA256 Credential=test/20260810/us-east-1/ec2/aws4_request, SignedHeaders=amz-sdk-invocation-id;amz-sdk-request;content-length;content-type;host;x-amz-date, Signature=*****" http.request_content_length=140 http.user_agent="APN/1.0 HashiCorp/1.0 Terraform/1.15.7 (+https://www.terraform.io) terraform-provider-aws/6.58.0 (+https://registry.terraform.io/providers/hashicorp/aws) aws-sdk-go-v2/1.43.2 ua/2.1 os/windows lang/go#1.26.5 md/GOOS#windows md/GOARCH#amd64 api/ec2#1.318.0 m/C,e" rpc.method=EC2/DescribeNetworkAcls @module=aws http.request.header.amz_sdk_invocation_id=7db1f8f9-8542-410e-9296-f7567972e2a8 net.peer.name=localhost net.peer.port=4566 tf_aws.sdk=aws-sdk-go-v2 tf_mux_provider="*schema.GRPCProviderServer" tf_provider_addr=registry.terraform.io/hashicorp/aws
  http.request.body=
  | Action=DescribeNetworkAcls&Filter.1.Name=default&Filter.1.Value.1=true&Filter.2.Name=vpc-id&Filter.2.Value.1=vpc-2348b1b1&Version=2016-11-15
   http.request.header.content_type=application/x-www-form-urlencoded http.request.header.x_amz_date=20260810T051240Z rpc.system.name=aws-api tf_rpc=ReadResource @caller=github.com/hashicorp/aws-sdk-go-base/v2@v2.0.0-beta.73/logging/tf_logger.go:45 http.request.header.amz_sdk_request="attempt=1; max=25" http.url=http://localhost:4566/ tf_aws.signing_region="" tf_req_id=9b89035f-46ff-17c3-178a-c75b58cf5431 tf_resource_type=aws_vpc timestamp=2026-08-10T00:12:40.839-0500
2026-08-10T00:12:40.883-0500 [DEBUG] provider.terraform-provider-aws_v6.58.0_x5.exe: HTTP Response Received: http.response.header.date="Mon, 10 Aug 2026 05:12:40 GMT" rpc.method=EC2/DescribeNetworkAcls tf_rpc=ReadResource http.response.header.x_amz_id_2=d64cc547-734c-4e21-a5ec-d478e69402cc http.status_code=200 tf_aws.signing_region="" tf_mux_provider="*schema.GRPCProviderServer" http.response.header.x_amz_request_id=d64cc547-734c-4e21-a5ec-d478e69402cc @module=aws tf_aws.sdk=aws-sdk-go-v2 tf_provider_addr=registry.terraform.io/hashicorp/aws tf_resource_type=aws_vpc http.duration=43 http.response.header.content_type=application/xml http.response.header.x_amzn_requestid=d64cc547-734c-4e21-a5ec-d478e69402cc http.response_content_length=1701 rpc.system.name=aws-api tf_req_id=9b89035f-46ff-17c3-178a-c75b58cf5431 @caller=github.com/hashicorp/aws-sdk-go-base/v2@v2.0.0-beta.73/logging/tf_logger.go:45 aws.region=us-east-1
  http.response.body=
  | <DescribeNetworkAclsResponse xmlns="http://ec2.amazonaws.com/doc/2016-11-15/"><requestId>542f7017-356b-4659-ab69-ad9f2b2ebd3f</requestId><networkAclSet><item><networkAclId>acl-90546309bc893c94f</networkAclId><vpcId>vpc-2348b1b1</vpcId><default>true</default><ownerId>000000000000</ownerId><entrySet><item><ruleNumber>100</ruleNumber><protocol>-1</protocol><ruleAction>allow</ruleAction><egress>false</egress><cidrBlock>0.0.0.0/0</cidrBlock></item><item><ruleNumber>32767</ruleNumber><protocol>-1</protocol><ruleAction>deny</ruleAction><egress>false</egress><cidrBlock>0.0.0.0/0</cidrBlock></item><item><ruleNumber>100</ruleNumber><protocol>-1</protocol><ruleAction>allow</ruleAction><egress>true</egress><cidrBlock>0.0.0.0/0</cidrBlock></item><item><ruleNumber>32767</ruleNumber><protocol>-1</protocol><ruleAction>deny</ruleAction><egress>true</egress><cidrBlock>0.0.0.0/0</cidrBlock></item></entrySet><associationSet><item><networkAclAssociationId>aclassoc-9395826211dc5ceb8</networkAclAssociationId><networkAclId>acl-90546309bc893c94f</networkAclId><subnetId>subnet-d76c71a8</subnetId></item><item><networkAclAssociationId>aclassoc-b1d59211be03f82fd</networkAclAssociationId><networkAclId>acl-90546309bc893c94f</networkAclId><subnetId>subnet-97d81388</subnetId></item><item><networkAclAssociationId>aclassoc-f389a2d8b4be37fb2</networkAclAssociationId><networkAclId>acl-90546309bc893c94f</networkAclId><subnetId>subnet-e4686fb6</subnetId></item><item><networkAclAssociationId>aclassoc-cd6839037f672b00e</networkAclAssociationId><networkAclId>acl-90546309bc893c94f</networkAclId><subnetId>subnet-79c74029</subnetId></item></associationSet><tagSet/></item></networkAclSet></DescribeNetworkAclsResponse>
   timestamp=2026-08-10T00:12:40.883-0500
2026-08-10T00:12:40.883-0500 [DEBUG] provider.terraform-provider-aws_v6.58.0_x5.exe: setting endpoint: @module=aws tf_aws.endpoint="map[Headers:<nil> Properties:map[] URI:map[ForceQuery:false Fragment: Host: OmitHost:false Opaque: Path: RawFragment: RawPath: RawQuery: Scheme: User:<nil>]]" rpc.system.name=aws-api tf_mux_provider="*schema.GRPCProviderServer" tf_provider_addr=registry.terraform.io/hashicorp/aws tf_req_id=9b89035f-46ff-17c3-178a-c75b58cf5431 tf_resource_type=aws_vpc tf_aws.sdk=aws-sdk-go-v2 tf_rpc=ReadResource @caller=github.com/hashicorp/terraform-provider-aws/internal/service/ec2/service_endpoint_resolver_gen.go:39 aws.region=us-east-1 rpc.method=EC2/DescribeRouteTables timestamp=2026-08-10T00:12:40.883-0500
2026-08-10T00:12:40.883-0500 [DEBUG] provider.terraform-provider-aws_v6.58.0_x5.exe: HTTP Request Sent: aws.region=us-east-1 http.url=http://localhost:4566/ http.user_agent="APN/1.0 HashiCorp/1.0 Terraform/1.15.7 (+https://www.terraform.io) terraform-provider-aws/6.58.0 (+https://registry.terraform.io/providers/hashicorp/aws) aws-sdk-go-v2/1.43.2 ua/2.1 os/windows lang/go#1.26.5 md/GOOS#windows md/GOARCH#amd64 api/ec2#1.318.0 m/C,e" rpc.method=EC2/DescribeRouteTables rpc.system.name=aws-api tf_req_id=9b89035f-46ff-17c3-178a-c75b58cf5431 @module=aws http.method=POST http.request.header.amz_sdk_invocation_id=2e6c1e94-78a9-4222-aa1e-b8db18e3808f http.request.header.amz_sdk_request="attempt=1; max=25" http.request.header.x_amz_date=20260810T051240Z net.peer.name=localhost tf_aws.sdk=aws-sdk-go-v2 tf_mux_provider="*schema.GRPCProviderServer" @caller=github.com/hashicorp/aws-sdk-go-base/v2@v2.0.0-beta.73/logging/tf_logger.go:45 http.request.header.content_type=application/x-www-form-urlencoded http.request_content_length=149 net.peer.port=4566 tf_resource_type=aws_vpc tf_rpc=ReadResource
  http.request.body=
  | Action=DescribeRouteTables&Filter.1.Name=association.main&Filter.1.Value.1=true&Filter.2.Name=vpc-id&Filter.2.Value.1=vpc-2348b1b1&Version=2016-11-15
   http.request.header.authorization="AWS4-HMAC-SHA256 Credential=test/20260810/us-east-1/ec2/aws4_request, SignedHeaders=amz-sdk-invocation-id;amz-sdk-request;content-length;content-type;host;x-amz-date, Signature=*****" tf_aws.signing_region="" tf_provider_addr=registry.terraform.io/hashicorp/aws timestamp=2026-08-10T00:12:40.883-0500
2026-08-10T00:12:40.927-0500 [DEBUG] provider.terraform-provider-aws_v6.58.0_x5.exe: HTTP Response Received: http.response.header.x_amz_id_2=b42251fb-c0e6-4998-be78-b3db41a9e931 http.response_content_length=752 tf_rpc=ReadResource http.duration=43 http.response.header.content_type=application/xml http.response.header.date="Mon, 10 Aug 2026 05:12:40 GMT" http.response.header.x_amzn_requestid=b42251fb-c0e6-4998-be78-b3db41a9e931 rpc.system.name=aws-api tf_aws.signing_region="" tf_provider_addr=registry.terraform.io/hashicorp/aws @caller=github.com/hashicorp/aws-sdk-go-base/v2@v2.0.0-beta.73/logging/tf_logger.go:45
  http.response.body=
  | <DescribeRouteTablesResponse xmlns="http://ec2.amazonaws.com/doc/2016-11-15/"><requestId>2f9ed148-f2f3-40bd-b480-1586822fcb1b</requestId><routeTableSet><item><routeTableId>rtb-57864144f49f6ad57</routeTableId><vpcId>vpc-2348b1b1</vpcId><ownerId>000000000000</ownerId><routeSet><item><destinationCidrBlock>10.0.0.0/16</destinationCidrBlock><gatewayId>local</gatewayId><state>active</state><origin>CreateRouteTable</origin></item></routeSet><associationSet><item><routeTableAssociationId>rtbassoc-d682c610f58753c6d</routeTableAssociationId><routeTableId>rtb-57864144f49f6ad57</routeTableId><main>true</main><associationState><state>associated</state></associationState></item></associationSet><tagSet/></item></routeTableSet></DescribeRouteTablesResponse>
   http.response.header.x_amz_request_id=b42251fb-c0e6-4998-be78-b3db41a9e931 rpc.method=EC2/DescribeRouteTables tf_mux_provider="*schema.GRPCProviderServer" tf_req_id=9b89035f-46ff-17c3-178a-c75b58cf5431 tf_resource_type=aws_vpc http.status_code=200 tf_aws.sdk=aws-sdk-go-v2 @module=aws aws.region=us-east-1 timestamp=2026-08-10T00:12:40.927-0500
2026-08-10T00:12:40.927-0500 [DEBUG] provider.terraform-provider-aws_v6.58.0_x5.exe: setting endpoint: tf_aws.sdk=aws-sdk-go-v2 aws.region=us-east-1 tf_aws.endpoint="map[Headers:<nil> Properties:map[] URI:map[ForceQuery:false Fragment: Host: OmitHost:false Opaque: Path: RawFragment: RawPath: RawQuery: Scheme: User:<nil>]]" tf_rpc=ReadResource @caller=github.com/hashicorp/terraform-provider-aws/internal/service/ec2/service_endpoint_resolver_gen.go:39 tf_mux_provider="*schema.GRPCProviderServer" @module=aws rpc.method=EC2/DescribeSecurityGroups rpc.system.name=aws-api tf_provider_addr=registry.terraform.io/hashicorp/aws tf_req_id=9b89035f-46ff-17c3-178a-c75b58cf5431 tf_resource_type=aws_vpc timestamp=2026-08-10T00:12:40.927-0500
2026-08-10T00:12:40.927-0500 [DEBUG] provider.terraform-provider-aws_v6.58.0_x5.exe: HTTP Request Sent: @caller=github.com/hashicorp/aws-sdk-go-base/v2@v2.0.0-beta.73/logging/tf_logger.go:45 http.request.header.amz_sdk_invocation_id=fc4b113f-8b35-46b9-86c7-b50b88614941 http.request.header.amz_sdk_request="attempt=1; max=25" http.request.header.authorization="AWS4-HMAC-SHA256 Credential=test/20260810/us-east-1/ec2/aws4_request, SignedHeaders=amz-sdk-invocation-id;amz-sdk-request;content-length;content-type;host;x-amz-date, Signature=*****" net.peer.name=localhost net.peer.port=4566 @module=aws aws.region=us-east-1
  http.request.body=
  | Action=DescribeSecurityGroups&Filter.1.Name=group-name&Filter.1.Value.1=default&Filter.2.Name=vpc-id&Filter.2.Value.1=vpc-2348b1b1&Version=2016-11-15
   http.request.header.content_type=application/x-www-form-urlencoded http.request.header.x_amz_date=20260810T051240Z http.request_content_length=149 http.url=http://localhost:4566/ http.user_agent="APN/1.0 HashiCorp/1.0 Terraform/1.15.7 (+https://www.terraform.io) terraform-provider-aws/6.58.0 (+https://registry.terraform.io/providers/hashicorp/aws) aws-sdk-go-v2/1.43.2 ua/2.1 os/windows lang/go#1.26.5 md/GOOS#windows md/GOARCH#amd64 api/ec2#1.318.0 m/C,e" rpc.system.name=aws-api tf_aws.sdk=aws-sdk-go-v2 tf_aws.signing_region="" tf_mux_provider="*schema.GRPCProviderServer" tf_rpc=ReadResource http.method=POST rpc.method=EC2/DescribeSecurityGroups tf_provider_addr=registry.terraform.io/hashicorp/aws tf_req_id=9b89035f-46ff-17c3-178a-c75b58cf5431 tf_resource_type=aws_vpc timestamp=2026-08-10T00:12:40.927-0500
2026-08-10T00:12:40.971-0500 [DEBUG] provider.terraform-provider-aws_v6.58.0_x5.exe: HTTP Response Received: http.response.header.date="Mon, 10 Aug 2026 05:12:40 GMT" http.response.header.x_amz_request_id=b4531765-7b42-4f93-a83a-009abfb605a3 rpc.method=EC2/DescribeSecurityGroups tf_mux_provider="*schema.GRPCProviderServer" http.duration=43 http.response.header.x_amz_id_2=b4531765-7b42-4f93-a83a-009abfb605a3 http.status_code=200 tf_aws.sdk=aws-sdk-go-v2 tf_provider_addr=registry.terraform.io/hashicorp/aws @caller=github.com/hashicorp/aws-sdk-go-base/v2@v2.0.0-beta.73/logging/tf_logger.go:45 @module=aws http.response.header.content_type=application/xml http.response_content_length=640 tf_aws.signing_region="" tf_resource_type=aws_vpc aws.region=us-east-1 http.response.header.x_amzn_requestid=b4531765-7b42-4f93-a83a-009abfb605a3 rpc.system.name=aws-api tf_req_id=9b89035f-46ff-17c3-178a-c75b58cf5431 tf_rpc=ReadResource
  http.response.body=
  | <DescribeSecurityGroupsResponse xmlns="http://ec2.amazonaws.com/doc/2016-11-15/"><requestId>f063b77c-f642-4d8c-9361-63ce7eb45d8c</requestId><securityGroupInfo><item><ownerId>000000000000</ownerId><groupId>sg-e73791bdcf29c9c3d</groupId><groupName>default</groupName><groupDescription>default VPC security group</groupDescription><vpcId>vpc-2348b1b1</vpcId><ipPermissions></ipPermissions><ipPermissionsEgress><item><ipProtocol>-1</ipProtocol><ipRanges><item><cidrIp>0.0.0.0/0</cidrIp></item></ipRanges><ipv6Ranges></ipv6Ranges><groups></groups></item></ipPermissionsEgress><tagSet/></item></securityGroupInfo></DescribeSecurityGroupsResponse>
   timestamp=2026-08-10T00:12:40.971-0500
2026-08-10T00:12:40.974-0500 [WARN]  Provider "registry.terraform.io/hashicorp/aws" produced an invalid plan for aws_vpc.main, but we are tolerating it because it is using the legacy plugin SDK.
    The following problems may be the cause of any confusing errors from downstream operations:
      - .assign_generated_ipv6_cidr_block: planned value cty.False for a non-computed attribute
      - .ipv6_ipam_pool_id: planned value cty.StringVal("") for a non-computed attribute
      - .ipv6_netmask_length: planned value cty.NumberIntVal(0) for a non-computed attribute
      - .instance_tenancy: planned value cty.StringVal("default") for a non-computed attribute
2026-08-10T00:12:40.974-0500 [DEBUG] ReferenceTransformer: "aws_security_group.web" references: []
2026-08-10T00:12:40.974-0500 [DEBUG] ReferenceTransformer: "aws_route_table.public" references: []
2026-08-10T00:12:40.975-0500 [DEBUG] ReferenceTransformer: "aws_subnet.priv2" references: []
2026-08-10T00:12:40.975-0500 [DEBUG] ReferenceTransformer: "aws_subnet.priv1" references: []
2026-08-10T00:12:40.975-0500 [DEBUG] ReferenceTransformer: "aws_subnet.pub1" references: []
2026-08-10T00:12:40.975-0500 [DEBUG] ReferenceTransformer: "aws_lb_target_group.web" references: []
2026-08-10T00:12:40.975-0500 [DEBUG] ReferenceTransformer: "aws_security_group.alb" references: []
2026-08-10T00:12:40.975-0500 [DEBUG] ReferenceTransformer: "aws_subnet.pub2" references: []
2026-08-10T00:12:40.975-0500 [DEBUG] ReferenceTransformer: "aws_internet_gateway.main" references: []
2026-08-10T00:12:40.977-0500 [DEBUG] provider.terraform-provider-aws_v6.58.0_x5.exe: setting endpoint: tf_aws.endpoint="map[Headers:<nil> Properties:map[] URI:map[ForceQuery:false Fragment: Host: OmitHost:false Opaque: Path: RawFragment: RawPath: RawQuery: Scheme: User:<nil>]]" tf_aws.sdk=aws-sdk-go-v2 tf_mux_provider="*schema.GRPCProviderServer" tf_resource_type=aws_subnet aws.region=us-east-1 rpc.method=EC2/DescribeSubnets rpc.system.name=aws-api tf_provider_addr=registry.terraform.io/hashicorp/aws tf_req_id=529c0079-00ec-f021-232d-38f39d236adc tf_rpc=ReadResource @caller=github.com/hashicorp/terraform-provider-aws/internal/service/ec2/service_endpoint_resolver_gen.go:39 @module=aws timestamp=2026-08-10T00:12:40.977-0500
2026-08-10T00:12:40.977-0500 [DEBUG] provider.terraform-provider-aws_v6.58.0_x5.exe: setting endpoint: @caller=github.com/hashicorp/terraform-provider-aws/internal/service/ec2/service_endpoint_resolver_gen.go:39 aws.region=us-east-1 rpc.method=EC2/DescribeRouteTables tf_aws.sdk=aws-sdk-go-v2 tf_provider_addr=registry.terraform.io/hashicorp/aws tf_rpc=ReadResource tf_aws.endpoint="map[Headers:<nil> Properties:map[] URI:map[ForceQuery:false Fragment: Host: OmitHost:false Opaque: Path: RawFragment: RawPath: RawQuery: Scheme: User:<nil>]]" rpc.system.name=aws-api tf_mux_provider="*schema.GRPCProviderServer" tf_resource_type=aws_route_table @module=aws tf_req_id=d4b6c0e6-fbb8-348e-8ad9-bb9ed5cbac64 timestamp=2026-08-10T00:12:40.977-0500
2026-08-10T00:12:40.977-0500 [DEBUG] provider.terraform-provider-aws_v6.58.0_x5.exe: setting endpoint: aws.region=us-east-1 tf_aws.endpoint="map[Headers:<nil> Properties:map[] URI:map[ForceQuery:false Fragment: Host: OmitHost:false Opaque: Path: RawFragment: RawPath: RawQuery: Scheme: User:<nil>]]" tf_mux_provider="*schema.GRPCProviderServer" tf_req_id=b82ab402-ce89-b900-6475-782f7fc9cbf9 tf_rpc=ReadResource tf_aws.sdk=aws-sdk-go-v2 tf_provider_addr=registry.terraform.io/hashicorp/aws rpc.method=EC2/DescribeInternetGateways rpc.system.name=aws-api tf_resource_type=aws_internet_gateway @caller=github.com/hashicorp/terraform-provider-aws/internal/service/ec2/service_endpoint_resolver_gen.go:39 @module=aws timestamp=2026-08-10T00:12:40.977-0500
2026-08-10T00:12:40.977-0500 [DEBUG] provider.terraform-provider-aws_v6.58.0_x5.exe: setting endpoint: aws.region=us-east-1 rpc.method=EC2/DescribeSubnets rpc.system.name=aws-api tf_provider_addr=registry.terraform.io/hashicorp/aws tf_req_id=1aa93da1-f9c1-6656-f089-acce25a261b7 @caller=github.com/hashicorp/terraform-provider-aws/internal/service/ec2/service_endpoint_resolver_gen.go:39 @module=aws tf_aws.endpoint="map[Headers:<nil> Properties:map[] URI:map[ForceQuery:false Fragment: Host: OmitHost:false Opaque: Path: RawFragment: RawPath: RawQuery: Scheme: User:<nil>]]" tf_resource_type=aws_subnet tf_aws.sdk=aws-sdk-go-v2 tf_mux_provider="*schema.GRPCProviderServer" tf_rpc=ReadResource timestamp=2026-08-10T00:12:40.977-0500
2026-08-10T00:12:40.977-0500 [DEBUG] provider.terraform-provider-aws_v6.58.0_x5.exe: HTTP Request Sent: rpc.system.name=aws-api tf_provider_addr=registry.terraform.io/hashicorp/aws @caller=github.com/hashicorp/aws-sdk-go-base/v2@v2.0.0-beta.73/logging/tf_logger.go:45
  http.request.body=
  | Action=DescribeInternetGateways&InternetGatewayId.1=igw-6d7fde71&Version=2016-11-15
   http.request.header.amz_sdk_invocation_id=1113166e-3cc3-44d2-80eb-b88f42f0521d http.request_content_length=83 http.user_agent="APN/1.0 HashiCorp/1.0 Terraform/1.15.7 (+https://www.terraform.io) terraform-provider-aws/6.58.0 (+https://registry.terraform.io/providers/hashicorp/aws) aws-sdk-go-v2/1.43.2 ua/2.1 os/windows lang/go#1.26.5 md/GOOS#windows md/GOARCH#amd64 api/ec2#1.318.0 m/C,e" rpc.method=EC2/DescribeInternetGateways tf_rpc=ReadResource http.method=POST http.request.header.authorization="AWS4-HMAC-SHA256 Credential=test/20260810/us-east-1/ec2/aws4_request, SignedHeaders=amz-sdk-invocation-id;amz-sdk-request;content-length;content-type;host;x-amz-date, Signature=*****" tf_aws.signing_region="" tf_resource_type=aws_internet_gateway aws.region=us-east-1 http.request.header.content_type=application/x-www-form-urlencoded http.request.header.x_amz_date=20260810T051240Z net.peer.name=localhost tf_aws.sdk=aws-sdk-go-v2 tf_mux_provider="*schema.GRPCProviderServer" tf_req_id=b82ab402-ce89-b900-6475-782f7fc9cbf9 @module=aws http.request.header.amz_sdk_request="attempt=1; max=25" http.url=http://localhost:4566/ net.peer.port=4566 timestamp=2026-08-10T00:12:40.977-0500
2026-08-10T00:12:40.977-0500 [DEBUG] provider.terraform-provider-aws_v6.58.0_x5.exe: setting endpoint: rpc.system.name=aws-api tf_provider_addr=registry.terraform.io/hashicorp/aws aws.region=us-east-1 tf_req_id=a79dcc45-33b2-1959-7c5e-cab8124a13eb tf_resource_type=aws_subnet @caller=github.com/hashicorp/terraform-provider-aws/internal/service/ec2/service_endpoint_resolver_gen.go:39 @module=aws rpc.method=EC2/DescribeSubnets tf_aws.endpoint="map[Headers:<nil> Properties:map[] URI:map[ForceQuery:false Fragment: Host: OmitHost:false Opaque: Path: RawFragment: RawPath: RawQuery: Scheme: User:<nil>]]" tf_aws.sdk=aws-sdk-go-v2 tf_mux_provider="*schema.GRPCProviderServer" tf_rpc=ReadResource timestamp=2026-08-10T00:12:40.977-0500
2026-08-10T00:12:40.977-0500 [DEBUG] provider.terraform-provider-aws_v6.58.0_x5.exe: HTTP Request Sent: tf_aws.sdk=aws-sdk-go-v2 http.request.header.x_amz_date=20260810T051240Z http.url=http://localhost:4566/ http.user_agent="APN/1.0 HashiCorp/1.0 Terraform/1.15.7 (+https://www.terraform.io) terraform-provider-aws/6.58.0 (+https://registry.terraform.io/providers/hashicorp/aws) aws-sdk-go-v2/1.43.2 ua/2.1 os/windows lang/go#1.26.5 md/GOOS#windows md/GOARCH#amd64 api/ec2#1.318.0 m/C,e" rpc.system.name=aws-api tf_req_id=1aa93da1-f9c1-6656-f089-acce25a261b7 tf_resource_type=aws_subnet @module=aws http.request.header.authorization="AWS4-HMAC-SHA256 Credential=test/20260810/us-east-1/ec2/aws4_request, SignedHeaders=amz-sdk-invocation-id;amz-sdk-request;content-length;content-type;host;x-amz-date, Signature=*****" rpc.method=EC2/DescribeSubnets tf_aws.signing_region="" tf_mux_provider="*schema.GRPCProviderServer" http.method=POST http.request.header.amz_sdk_request="attempt=1; max=25" net.peer.name=localhost tf_provider_addr=registry.terraform.io/hashicorp/aws tf_rpc=ReadResource @caller=github.com/hashicorp/aws-sdk-go-base/v2@v2.0.0-beta.73/logging/tf_logger.go:45 aws.region=us-east-1
  http.request.body=
  | Action=DescribeSubnets&SubnetId.1=subnet-e4686fb6&Version=2016-11-15
   http.request.header.amz_sdk_invocation_id=20a76a5f-2178-43b2-bda8-b554c19dde39 http.request.header.content_type=application/x-www-form-urlencoded http.request_content_length=68 net.peer.port=4566 timestamp=2026-08-10T00:12:40.977-0500
2026-08-10T00:12:40.977-0500 [DEBUG] provider.terraform-provider-aws_v6.58.0_x5.exe: HTTP Request Sent: http.request.header.authorization="AWS4-HMAC-SHA256 Credential=test/20260810/us-east-1/ec2/aws4_request, SignedHeaders=amz-sdk-invocation-id;amz-sdk-request;content-length;content-type;host;x-amz-date, Signature=*****" http.request.header.x_amz_date=20260810T051240Z http.url=http://localhost:4566/ http.user_agent="APN/1.0 HashiCorp/1.0 Terraform/1.15.7 (+https://www.terraform.io) terraform-provider-aws/6.58.0 (+https://registry.terraform.io/providers/hashicorp/aws) aws-sdk-go-v2/1.43.2 ua/2.1 os/windows lang/go#1.26.5 md/GOOS#windows md/GOARCH#amd64 api/ec2#1.318.0 m/C,e" net.peer.port=4566 tf_provider_addr=registry.terraform.io/hashicorp/aws tf_req_id=d4b6c0e6-fbb8-348e-8ad9-bb9ed5cbac64 http.request_content_length=73 aws.region=us-east-1 http.method=POST http.request.header.amz_sdk_invocation_id=96fb904a-0d98-4f6c-bb36-193fb3bb32c5 http.request.header.content_type=application/x-www-form-urlencoded @caller=github.com/hashicorp/aws-sdk-go-base/v2@v2.0.0-beta.73/logging/tf_logger.go:45 @module=aws http.request.header.amz_sdk_request="attempt=1; max=25" net.peer.name=localhost rpc.method=EC2/DescribeRouteTables rpc.system.name=aws-api tf_aws.sdk=aws-sdk-go-v2 tf_aws.signing_region=""
  http.request.body=
  | Action=DescribeRouteTables&RouteTableId.1=rtb-bbfb0122&Version=2016-11-15
   tf_mux_provider="*schema.GRPCProviderServer" tf_resource_type=aws_route_table tf_rpc=ReadResource timestamp=2026-08-10T00:12:40.977-0500
2026-08-10T00:12:40.978-0500 [DEBUG] provider.terraform-provider-aws_v6.58.0_x5.exe: HTTP Request Sent: rpc.system.name=aws-api tf_aws.sdk=aws-sdk-go-v2 tf_mux_provider="*schema.GRPCProviderServer" http.method=POST http.request_content_length=68 tf_resource_type=aws_subnet tf_rpc=ReadResource
  http.request.body=
  | Action=DescribeSubnets&SubnetId.1=subnet-97d81388&Version=2016-11-15
   http.user_agent="APN/1.0 HashiCorp/1.0 Terraform/1.15.7 (+https://www.terraform.io) terraform-provider-aws/6.58.0 (+https://registry.terraform.io/providers/hashicorp/aws) aws-sdk-go-v2/1.43.2 ua/2.1 os/windows lang/go#1.26.5 md/GOOS#windows md/GOARCH#amd64 api/ec2#1.318.0 m/C,e" net.peer.name=localhost tf_aws.signing_region="" tf_provider_addr=registry.terraform.io/hashicorp/aws tf_req_id=529c0079-00ec-f021-232d-38f39d236adc @module=aws http.request.header.amz_sdk_invocation_id=4e8a830f-0935-4657-a317-64e0ee37eda0 http.request.header.authorization="AWS4-HMAC-SHA256 Credential=test/20260810/us-east-1/ec2/aws4_request, SignedHeaders=amz-sdk-invocation-id;amz-sdk-request;content-length;content-type;host;x-amz-date, Signature=*****" http.request.header.content_type=application/x-www-form-urlencoded http.url=http://localhost:4566/ net.peer.port=4566 @caller=github.com/hashicorp/aws-sdk-go-base/v2@v2.0.0-beta.73/logging/tf_logger.go:45 aws.region=us-east-1 http.request.header.amz_sdk_request="attempt=1; max=25" http.request.header.x_amz_date=20260810T051240Z rpc.method=EC2/DescribeSubnets timestamp=2026-08-10T00:12:40.977-0500
2026-08-10T00:12:40.978-0500 [DEBUG] provider.terraform-provider-aws_v6.58.0_x5.exe: HTTP Request Sent: tf_aws.sdk=aws-sdk-go-v2 tf_mux_provider="*schema.GRPCProviderServer" @caller=github.com/hashicorp/aws-sdk-go-base/v2@v2.0.0-beta.73/logging/tf_logger.go:45 http.request.header.content_type=application/x-www-form-urlencoded http.request_content_length=68 net.peer.name=localhost tf_provider_addr=registry.terraform.io/hashicorp/aws tf_req_id=a79dcc45-33b2-1959-7c5e-cab8124a13eb tf_resource_type=aws_subnet @module=aws http.method=POST http.request.header.amz_sdk_invocation_id=cdb26085-8e0c-42b2-9bef-9c1cd3b3b017 rpc.method=EC2/DescribeSubnets tf_aws.signing_region="" aws.region=us-east-1 http.request.header.amz_sdk_request="attempt=1; max=25" http.request.header.authorization="AWS4-HMAC-SHA256 Credential=test/20260810/us-east-1/ec2/aws4_request, SignedHeaders=amz-sdk-invocation-id;amz-sdk-request;content-length;content-type;host;x-amz-date, Signature=*****" tf_rpc=ReadResource
  http.request.body=
  | Action=DescribeSubnets&SubnetId.1=subnet-d76c71a8&Version=2016-11-15
   http.request.header.x_amz_date=20260810T051240Z http.url=http://localhost:4566/ http.user_agent="APN/1.0 HashiCorp/1.0 Terraform/1.15.7 (+https://www.terraform.io) terraform-provider-aws/6.58.0 (+https://registry.terraform.io/providers/hashicorp/aws) aws-sdk-go-v2/1.43.2 ua/2.1 os/windows lang/go#1.26.5 md/GOOS#windows md/GOARCH#amd64 api/ec2#1.318.0 m/C,e" net.peer.port=4566 rpc.system.name=aws-api timestamp=2026-08-10T00:12:40.977-0500
2026-08-10T00:12:40.978-0500 [DEBUG] provider.terraform-provider-aws_v6.58.0_x5.exe: setting endpoint: tf_aws.endpoint="map[Headers:<nil> Properties:map[] URI:map[ForceQuery:false Fragment: Host: OmitHost:false Opaque: Path: RawFragment: RawPath: RawQuery: Scheme: User:<nil>]]" @module=aws aws.region=us-east-1 rpc.method=EC2/DescribeSubnets rpc.system.name=aws-api tf_resource_type=aws_subnet tf_provider_addr=registry.terraform.io/hashicorp/aws tf_req_id=c4caa171-ae3a-7fd5-5638-c0608e535a2f @caller=github.com/hashicorp/terraform-provider-aws/internal/service/ec2/service_endpoint_resolver_gen.go:39 tf_aws.sdk=aws-sdk-go-v2 tf_mux_provider="*schema.GRPCProviderServer" tf_rpc=ReadResource timestamp=2026-08-10T00:12:40.977-0500
2026-08-10T00:12:40.978-0500 [DEBUG] provider.terraform-provider-aws_v6.58.0_x5.exe: HTTP Request Sent: tf_aws.signing_region="" tf_mux_provider="*schema.GRPCProviderServer" tf_provider_addr=registry.terraform.io/hashicorp/aws tf_req_id=c4caa171-ae3a-7fd5-5638-c0608e535a2f http.request.header.authorization="AWS4-HMAC-SHA256 Credential=test/20260810/us-east-1/ec2/aws4_request, SignedHeaders=amz-sdk-invocation-id;amz-sdk-request;content-length;content-type;host;x-amz-date, Signature=*****" http.url=http://localhost:4566/ http.user_agent="APN/1.0 HashiCorp/1.0 Terraform/1.15.7 (+https://www.terraform.io) terraform-provider-aws/6.58.0 (+https://registry.terraform.io/providers/hashicorp/aws) aws-sdk-go-v2/1.43.2 ua/2.1 os/windows lang/go#1.26.5 md/GOOS#windows md/GOARCH#amd64 api/ec2#1.318.0 m/C,e" rpc.system.name=aws-api tf_resource_type=aws_subnet @module=aws http.request.header.amz_sdk_invocation_id=3f76a60e-bdab-411a-a784-9ab7a7c7964d http.request.header.x_amz_date=20260810T051240Z tf_rpc=ReadResource @caller=github.com/hashicorp/aws-sdk-go-base/v2@v2.0.0-beta.73/logging/tf_logger.go:45 aws.region=us-east-1 http.request.header.amz_sdk_request="attempt=1; max=25" http.request.header.content_type=application/x-www-form-urlencoded http.request_content_length=68 net.peer.port=4566 rpc.method=EC2/DescribeSubnets http.method=POST
  http.request.body=
  | Action=DescribeSubnets&SubnetId.1=subnet-79c74029&Version=2016-11-15
   net.peer.name=localhost tf_aws.sdk=aws-sdk-go-v2 timestamp=2026-08-10T00:12:40.978-0500
2026-08-10T00:12:40.978-0500 [DEBUG] provider.terraform-provider-aws_v6.58.0_x5.exe: setting endpoint: tf_aws.endpoint="map[Headers:<nil> Properties:map[] URI:map[ForceQuery:false Fragment: Host: OmitHost:false Opaque: Path: RawFragment: RawPath: RawQuery: Scheme: User:<nil>]]" tf_aws.sdk=aws-sdk-go-v2 tf_req_id=ea490034-c2e7-d34f-3fcd-374cb716470f aws.region=us-east-1 rpc.system.name=aws-api @module=aws tf_mux_provider="*schema.GRPCProviderServer" tf_provider_addr=registry.terraform.io/hashicorp/aws tf_resource_type=aws_security_group @caller=github.com/hashicorp/terraform-provider-aws/internal/service/ec2/service_endpoint_resolver_gen.go:39 rpc.method=EC2/DescribeSecurityGroups tf_rpc=ReadResource timestamp=2026-08-10T00:12:40.978-0500
2026-08-10T00:12:40.978-0500 [DEBUG] provider.terraform-provider-aws_v6.58.0_x5.exe: HTTP Request Sent: @module=aws http.request.header.amz_sdk_invocation_id=980987b2-fa7a-424e-84bd-e61d206b87c2 http.request.header.amz_sdk_request="attempt=1; max=25" http.request_content_length=79 http.url=http://localhost:4566/ http.user_agent="APN/1.0 HashiCorp/1.0 Terraform/1.15.7 (+https://www.terraform.io) terraform-provider-aws/6.58.0 (+https://registry.terraform.io/providers/hashicorp/aws) aws-sdk-go-v2/1.43.2 ua/2.1 os/windows lang/go#1.26.5 md/GOOS#windows md/GOARCH#amd64 api/ec2#1.318.0 m/C,e" net.peer.name=localhost @caller=github.com/hashicorp/aws-sdk-go-base/v2@v2.0.0-beta.73/logging/tf_logger.go:45
  http.request.body=
  | Action=DescribeSecurityGroups&GroupId.1=sg-00ce1127ca5c2d563&Version=2016-11-15
   http.request.header.authorization="AWS4-HMAC-SHA256 Credential=test/20260810/us-east-1/ec2/aws4_request, SignedHeaders=amz-sdk-invocation-id;amz-sdk-request;content-length;content-type;host;x-amz-date, Signature=*****" rpc.method=EC2/DescribeSecurityGroups tf_aws.signing_region="" tf_req_id=ea490034-c2e7-d34f-3fcd-374cb716470f tf_resource_type=aws_security_group aws.region=us-east-1 http.method=POST http.request.header.x_amz_date=20260810T051240Z tf_aws.sdk=aws-sdk-go-v2 tf_rpc=ReadResource http.request.header.content_type=application/x-www-form-urlencoded net.peer.port=4566 rpc.system.name=aws-api tf_mux_provider="*schema.GRPCProviderServer" tf_provider_addr=registry.terraform.io/hashicorp/aws timestamp=2026-08-10T00:12:40.978-0500
2026-08-10T00:12:40.978-0500 [DEBUG] provider.terraform-provider-aws_v6.58.0_x5.exe: setting endpoint: tf_resource_type=aws_security_group tf_rpc=ReadResource rpc.method=EC2/DescribeSecurityGroups tf_aws.endpoint="map[Headers:<nil> Properties:map[] URI:map[ForceQuery:false Fragment: Host: OmitHost:false Opaque: Path: RawFragment: RawPath: RawQuery: Scheme: User:<nil>]]" tf_mux_provider="*schema.GRPCProviderServer" tf_req_id=92b824e1-db00-4653-5923-3b24e92a1b9d @module=aws rpc.system.name=aws-api tf_aws.sdk=aws-sdk-go-v2 @caller=github.com/hashicorp/terraform-provider-aws/internal/service/ec2/service_endpoint_resolver_gen.go:39 aws.region=us-east-1 tf_provider_addr=registry.terraform.io/hashicorp/aws timestamp=2026-08-10T00:12:40.978-0500
2026-08-10T00:12:40.978-0500 [DEBUG] provider.terraform-provider-aws_v6.58.0_x5.exe: HTTP Request Sent: net.peer.name=localhost net.peer.port=4566 rpc.method=EC2/DescribeSecurityGroups rpc.system.name=aws-api tf_aws.signing_region="" tf_provider_addr=registry.terraform.io/hashicorp/aws
  http.request.body=
  | Action=DescribeSecurityGroups&GroupId.1=sg-c95eee0cd4d1626dc&Version=2016-11-15
   http.request.header.content_type=application/x-www-form-urlencoded http.request.header.x_amz_date=20260810T051240Z http.request_content_length=79 http.user_agent="APN/1.0 HashiCorp/1.0 Terraform/1.15.7 (+https://www.terraform.io) terraform-provider-aws/6.58.0 (+https://registry.terraform.io/providers/hashicorp/aws) aws-sdk-go-v2/1.43.2 ua/2.1 os/windows lang/go#1.26.5 md/GOOS#windows md/GOARCH#amd64 api/ec2#1.318.0 m/C,e" tf_aws.sdk=aws-sdk-go-v2 tf_req_id=92b824e1-db00-4653-5923-3b24e92a1b9d tf_rpc=ReadResource http.method=POST http.request.header.amz_sdk_invocation_id=692e6b3a-3775-4e94-a828-8e993eca4534 tf_mux_provider="*schema.GRPCProviderServer" tf_resource_type=aws_security_group @module=aws aws.region=us-east-1 http.request.header.authorization="AWS4-HMAC-SHA256 Credential=test/20260810/us-east-1/ec2/aws4_request, SignedHeaders=amz-sdk-invocation-id;amz-sdk-request;content-length;content-type;host;x-amz-date, Signature=*****" http.url=http://localhost:4566/ @caller=github.com/hashicorp/aws-sdk-go-base/v2@v2.0.0-beta.73/logging/tf_logger.go:45 http.request.header.amz_sdk_request="attempt=1; max=25" timestamp=2026-08-10T00:12:40.978-0500
2026-08-10T00:12:40.979-0500 [DEBUG] provider.terraform-provider-aws_v6.58.0_x5.exe: setting endpoint: tf_rpc=ReadResource rpc.system.name=aws-api tf_aws.sdk=aws-sdk-go-v2 tf_mux_provider="*schema.GRPCProviderServer" tf_resource_type=aws_lb_target_group rpc.method="Elastic Load Balancing v2/DescribeTargetGroups" @caller=github.com/hashicorp/terraform-provider-aws/internal/service/elbv2/service_endpoint_resolver_gen.go:39 tf_aws.endpoint="map[Headers:<nil> Properties:map[] URI:map[ForceQuery:false Fragment: Host: OmitHost:false Opaque: Path: RawFragment: RawPath: RawQuery: Scheme: User:<nil>]]" @module=aws aws.region=us-east-1 tf_provider_addr=registry.terraform.io/hashicorp/aws tf_req_id=6f2168f7-8db7-e7cf-da77-e407a0e0a3b2 timestamp=2026-08-10T00:12:40.979-0500
2026-08-10T00:12:40.979-0500 [DEBUG] provider.terraform-provider-aws_v6.58.0_x5.exe: HTTP Request Sent: @caller=github.com/hashicorp/aws-sdk-go-base/v2@v2.0.0-beta.73/logging/tf_logger.go:45 net.peer.name=localhost tf_provider_addr=registry.terraform.io/hashicorp/aws tf_req_id=6f2168f7-8db7-e7cf-da77-e407a0e0a3b2 tf_rpc=ReadResource
  http.request.body=
  | Action=DescribeTargetGroups&TargetGroupArns.member.1=arn%3Aaws%3Aelasticloadbalancing%3Aus-east-1%3A000000000000%3Atargetgroup%2Fcurso-web-tg-tf%2F8792dc8617e84eaa&Version=2015-12-01
   http.request.header.authorization="AWS4-HMAC-SHA256 Credential=test/20260810/us-east-1/elasticloadbalancing/aws4_request, SignedHeaders=amz-sdk-invocation-id;amz-sdk-request;content-length;content-type;host;x-amz-date, Signature=*****" http.request_content_length=182 http.url=http://localhost:4566/ net.peer.port=4566 tf_aws.signing_region="" tf_mux_provider="*schema.GRPCProviderServer" @module=aws aws.region=us-east-1 http.method=POST http.request.header.amz_sdk_request="attempt=1; max=25" http.request.header.content_type=application/x-www-form-urlencoded rpc.method="Elastic Load Balancing v2/DescribeTargetGroups" tf_aws.sdk=aws-sdk-go-v2 tf_resource_type=aws_lb_target_group http.request.header.amz_sdk_invocation_id=10ec11a4-a53b-4d0f-a7c5-39d6c77b2e9d http.request.header.x_amz_date=20260810T051240Z http.user_agent="APN/1.0 HashiCorp/1.0 Terraform/1.15.7 (+https://www.terraform.io) terraform-provider-aws/6.58.0 (+https://registry.terraform.io/providers/hashicorp/aws) aws-sdk-go-v2/1.43.2 ua/2.1 os/windows lang/go#1.26.5 md/GOOS#windows md/GOARCH#amd64 api/elasticloadbalancingv2#1.58.3 m/C,e" rpc.system.name=aws-api timestamp=2026-08-10T00:12:40.979-0500
2026-08-10T00:12:40.982-0500 [DEBUG] provider.terraform-provider-aws_v6.58.0_x5.exe: HTTP Response Received: @caller=github.com/hashicorp/aws-sdk-go-base/v2@v2.0.0-beta.73/logging/tf_logger.go:45
  http.response.body=
  | <DescribeRouteTablesResponse xmlns="http://ec2.amazonaws.com/doc/2016-11-15/"><requestId>1a595345-c7c0-4dd0-814e-58ac311c146e</requestId><routeTableSet><item><routeTableId>rtb-bbfb0122</routeTableId><vpcId>vpc-2348b1b1</vpcId><ownerId>000000000000</ownerId><routeSet><item><destinationCidrBlock>10.0.0.0/16</destinationCidrBlock><gatewayId>local</gatewayId><state>active</state><origin>CreateRouteTable</origin></item><item><destinationCidrBlock>0.0.0.0/0</destinationCidrBlock><gatewayId>igw-6d7fde71</gatewayId><state>active</state><origin>CreateRoute</origin></item></routeSet><associationSet><item><routeTableAssociationId>rtbassoc-9af1e274</routeTableAssociationId><routeTableId>rtb-bbfb0122</routeTableId><subnetId>subnet-79c74029</subnetId><main>false</main><associationState><state>associated</state></associationState></item><item><routeTableAssociationId>rtbassoc-67e9ea01</routeTableAssociationId><routeTableId>rtb-bbfb0122</routeTableId><subnetId>subnet-d76c71a8</subnetId><main>false</main><associationState><state>associated</state></associationState></item></associationSet><tagSet><item><key>Name</key><value>curso-rt-public</value></item></tagSet></item></routeTableSet></DescribeRouteTablesResponse>
   http.response.header.x_amz_request_id=932d7bc3-b5a3-4bc4-9b56-a8d5ade5d892 rpc.method=EC2/DescribeRouteTables tf_aws.signing_region="" tf_provider_addr=registry.terraform.io/hashicorp/aws tf_rpc=ReadResource http.response.header.content_type=application/xml http.response.header.x_amz_id_2=932d7bc3-b5a3-4bc4-9b56-a8d5ade5d892 http.response.header.x_amzn_requestid=932d7bc3-b5a3-4bc4-9b56-a8d5ade5d892 tf_aws.sdk=aws-sdk-go-v2 tf_mux_provider="*schema.GRPCProviderServer" tf_req_id=d4b6c0e6-fbb8-348e-8ad9-bb9ed5cbac64 http.response_content_length=1217 @module=aws aws.region=us-east-1 http.duration=4 http.status_code=200 rpc.system.name=aws-api http.response.header.date="Mon, 10 Aug 2026 05:12:40 GMT" tf_resource_type=aws_route_table timestamp=2026-08-10T00:12:40.982-0500
2026-08-10T00:12:40.982-0500 [DEBUG] provider.terraform-provider-aws_v6.58.0_x5.exe: HTTP Response Received: http.response_content_length=954 aws.region=us-east-1 http.status_code=200 tf_aws.sdk=aws-sdk-go-v2 tf_aws.signing_region="" tf_rpc=ReadResource @module=aws tf_req_id=529c0079-00ec-f021-232d-38f39d236adc http.response.header.x_amz_request_id=8a2354ce-cc29-437a-975e-2af41a297894 @caller=github.com/hashicorp/aws-sdk-go-base/v2@v2.0.0-beta.73/logging/tf_logger.go:45 http.duration=4
  http.response.body=
  | <DescribeSubnetsResponse xmlns="http://ec2.amazonaws.com/doc/2016-11-15/"><requestId>7ae8d6a8-839d-4d66-97d6-71df69d59e8f</requestId><subnetSet><item><subnetId>subnet-97d81388</subnetId><subnetArn>arn:aws:ec2:us-east-1:000000000000:subnet/subnet-97d81388</subnetArn><state>available</state><vpcId>vpc-2348b1b1</vpcId><cidrBlock>10.0.12.0/24</cidrBlock><availableIpAddressCount>251</availableIpAddressCount><availabilityZone>us-east-1b</availabilityZone><availabilityZoneId>us-east-1-az1</availabilityZoneId><defaultForAz>false</defaultForAz><mapPublicIpOnLaunch>false</mapPublicIpOnLaunch><assignIpv6AddressOnCreation>false</assignIpv6AddressOnCreation><enableDns64>false</enableDns64><mapCustomerOwnedIpOnLaunch>false</mapCustomerOwnedIpOnLaunch><ipv6CidrBlockAssociationSet></ipv6CidrBlockAssociationSet><ownerId>000000000000</ownerId><tagSet><item><key>Name</key><value>curso-priv-2</value></item></tagSet></item></subnetSet></DescribeSubnetsResponse>
   http.response.header.content_type=application/xml http.response.header.date="Mon, 10 Aug 2026 05:12:40 GMT" http.response.header.x_amz_id_2=8a2354ce-cc29-437a-975e-2af41a297894 http.response.header.x_amzn_requestid=8a2354ce-cc29-437a-975e-2af41a297894 rpc.method=EC2/DescribeSubnets rpc.system.name=aws-api tf_mux_provider="*schema.GRPCProviderServer" tf_provider_addr=registry.terraform.io/hashicorp/aws tf_resource_type=aws_subnet timestamp=2026-08-10T00:12:40.982-0500
2026-08-10T00:12:40.982-0500 [DEBUG] provider.terraform-provider-aws_v6.58.0_x5.exe: HTTP Response Received: @caller=github.com/hashicorp/aws-sdk-go-base/v2@v2.0.0-beta.73/logging/tf_logger.go:45 http.duration=4
  http.response.body=
  | <DescribeSubnetsResponse xmlns="http://ec2.amazonaws.com/doc/2016-11-15/"><requestId>4b147433-d247-41eb-ad0f-7e780b0abca5</requestId><subnetSet><item><subnetId>subnet-e4686fb6</subnetId><subnetArn>arn:aws:ec2:us-east-1:000000000000:subnet/subnet-e4686fb6</subnetArn><state>available</state><vpcId>vpc-2348b1b1</vpcId><cidrBlock>10.0.11.0/24</cidrBlock><availableIpAddressCount>251</availableIpAddressCount><availabilityZone>us-east-1a</availabilityZone><availabilityZoneId>us-east-1-az1</availabilityZoneId><defaultForAz>false</defaultForAz><mapPublicIpOnLaunch>false</mapPublicIpOnLaunch><assignIpv6AddressOnCreation>false</assignIpv6AddressOnCreation><enableDns64>false</enableDns64><mapCustomerOwnedIpOnLaunch>false</mapCustomerOwnedIpOnLaunch><ipv6CidrBlockAssociationSet></ipv6CidrBlockAssociationSet><ownerId>000000000000</ownerId><tagSet><item><key>Name</key><value>curso-priv-1</value></item></tagSet></item></subnetSet></DescribeSubnetsResponse>
   http.response.header.date="Mon, 10 Aug 2026 05:12:40 GMT" http.response.header.x_amz_id_2=c2e0109c-6813-4045-8af8-23518a4ce436 http.response.header.x_amzn_requestid=c2e0109c-6813-4045-8af8-23518a4ce436 @module=aws http.response.header.content_type=application/xml rpc.method=EC2/DescribeSubnets tf_aws.sdk=aws-sdk-go-v2 tf_provider_addr=registry.terraform.io/hashicorp/aws tf_rpc=ReadResource http.status_code=200 rpc.system.name=aws-api tf_mux_provider="*schema.GRPCProviderServer" tf_req_id=1aa93da1-f9c1-6656-f089-acce25a261b7 aws.region=us-east-1 http.response.header.x_amz_request_id=c2e0109c-6813-4045-8af8-23518a4ce436 http.response_content_length=954 tf_aws.signing_region="" tf_resource_type=aws_subnet timestamp=2026-08-10T00:12:40.982-0500
2026-08-10T00:12:40.983-0500 [DEBUG] provider.terraform-provider-aws_v6.58.0_x5.exe: HTTP Response Received: aws.region=us-east-1 http.response.header.content_type=application/xml http.response.header.date="Mon, 10 Aug 2026 05:12:40 GMT" http.response.header.x_amz_id_2=f66810a0-2643-4722-9e00-16325bebdc3a rpc.system.name=aws-api tf_aws.signing_region="" tf_provider_addr=registry.terraform.io/hashicorp/aws tf_rpc=ReadResource @caller=github.com/hashicorp/aws-sdk-go-base/v2@v2.0.0-beta.73/logging/tf_logger.go:45 http.duration=5 http.response_content_length=951 tf_aws.sdk=aws-sdk-go-v2 tf_mux_provider="*schema.GRPCProviderServer" tf_req_id=a79dcc45-33b2-1959-7c5e-cab8124a13eb @module=aws
  http.response.body=
  | <DescribeSubnetsResponse xmlns="http://ec2.amazonaws.com/doc/2016-11-15/"><requestId>04326df1-30fc-4bab-b7bf-ca4a409d30a2</requestId><subnetSet><item><subnetId>subnet-d76c71a8</subnetId><subnetArn>arn:aws:ec2:us-east-1:000000000000:subnet/subnet-d76c71a8</subnetArn><state>available</state><vpcId>vpc-2348b1b1</vpcId><cidrBlock>10.0.1.0/24</cidrBlock><availableIpAddressCount>251</availableIpAddressCount><availabilityZone>us-east-1a</availabilityZone><availabilityZoneId>us-east-1-az1</availabilityZoneId><defaultForAz>false</defaultForAz><mapPublicIpOnLaunch>true</mapPublicIpOnLaunch><assignIpv6AddressOnCreation>false</assignIpv6AddressOnCreation><enableDns64>false</enableDns64><mapCustomerOwnedIpOnLaunch>false</mapCustomerOwnedIpOnLaunch><ipv6CidrBlockAssociationSet></ipv6CidrBlockAssociationSet><ownerId>000000000000</ownerId><tagSet><item><key>Name</key><value>curso-pub-1</value></item></tagSet></item></subnetSet></DescribeSubnetsResponse>
   http.response.header.x_amz_request_id=f66810a0-2643-4722-9e00-16325bebdc3a http.response.header.x_amzn_requestid=f66810a0-2643-4722-9e00-16325bebdc3a http.status_code=200 rpc.method=EC2/DescribeSubnets tf_resource_type=aws_subnet timestamp=2026-08-10T00:12:40.983-0500
2026-08-10T00:12:40.984-0500 [DEBUG] provider.terraform-provider-aws_v6.58.0_x5.exe: HTTP Response Received: http.response_content_length=1041 rpc.system.name=aws-api tf_aws.signing_region="" tf_mux_provider="*schema.GRPCProviderServer" tf_req_id=ea490034-c2e7-d34f-3fcd-374cb716470f tf_resource_type=aws_security_group tf_rpc=ReadResource @caller=github.com/hashicorp/aws-sdk-go-base/v2@v2.0.0-beta.73/logging/tf_logger.go:45 aws.region=us-east-1
  http.response.body=
  | <DescribeSecurityGroupsResponse xmlns="http://ec2.amazonaws.com/doc/2016-11-15/"><requestId>fd2ae44a-0e7d-47c2-bae9-6b9dc1f3ec29</requestId><securityGroupInfo><item><ownerId>000000000000</ownerId><groupId>sg-00ce1127ca5c2d563</groupId><groupName>curso-alb-tf</groupName><groupDescription>SG del Application Load Balancer</groupDescription><vpcId>vpc-2348b1b1</vpcId><ipPermissions><item><ipProtocol>tcp</ipProtocol><fromPort>80</fromPort><toPort>80</toPort><ipRanges><item><cidrIp>0.0.0.0/0</cidrIp></item></ipRanges><ipv6Ranges></ipv6Ranges><groups></groups></item></ipPermissions><ipPermissionsEgress><item><ipProtocol>-1</ipProtocol><ipRanges><item><cidrIp>0.0.0.0/0</cidrIp></item></ipRanges><ipv6Ranges></ipv6Ranges><groups></groups></item><item><ipProtocol>-1</ipProtocol><ipRanges><item><cidrIp>0.0.0.0/0</cidrIp></item></ipRanges><ipv6Ranges></ipv6Ranges><groups></groups></item></ipPermissionsEgress><tagSet><item><key>Name</key><value>curso-alb-tf</value></item></tagSet></item></securityGroupInfo></DescribeSecurityGroupsResponse>
   http.response.header.x_amz_id_2=99f203f5-27b7-4f04-9fd2-68c8f581f700 http.response.header.x_amz_request_id=99f203f5-27b7-4f04-9fd2-68c8f581f700 @module=aws http.duration=5 http.response.header.content_type=application/xml http.response.header.date="Mon, 10 Aug 2026 05:12:40 GMT" http.response.header.x_amzn_requestid=99f203f5-27b7-4f04-9fd2-68c8f581f700 http.status_code=200 rpc.method=EC2/DescribeSecurityGroups tf_aws.sdk=aws-sdk-go-v2 tf_provider_addr=registry.terraform.io/hashicorp/aws timestamp=2026-08-10T00:12:40.984-0500
2026-08-10T00:12:40.985-0500 [DEBUG] provider.terraform-provider-aws_v6.58.0_x5.exe: HTTP Response Received: @caller=github.com/hashicorp/aws-sdk-go-base/v2@v2.0.0-beta.73/logging/tf_logger.go:45
  http.response.body=
  | <DescribeSubnetsResponse xmlns="http://ec2.amazonaws.com/doc/2016-11-15/"><requestId>42158940-699a-4a7b-8b3b-ea280cee7b6a</requestId><subnetSet><item><subnetId>subnet-79c74029</subnetId><subnetArn>arn:aws:ec2:us-east-1:000000000000:subnet/subnet-79c74029</subnetArn><state>available</state><vpcId>vpc-2348b1b1</vpcId><cidrBlock>10.0.2.0/24</cidrBlock><availableIpAddressCount>251</availableIpAddressCount><availabilityZone>us-east-1b</availabilityZone><availabilityZoneId>us-east-1-az1</availabilityZoneId><defaultForAz>false</defaultForAz><mapPublicIpOnLaunch>true</mapPublicIpOnLaunch><assignIpv6AddressOnCreation>false</assignIpv6AddressOnCreation><enableDns64>false</enableDns64><mapCustomerOwnedIpOnLaunch>false</mapCustomerOwnedIpOnLaunch><ipv6CidrBlockAssociationSet></ipv6CidrBlockAssociationSet><ownerId>000000000000</ownerId><tagSet><item><key>Name</key><value>curso-pub-2</value></item></tagSet></item></subnetSet></DescribeSubnetsResponse>
   rpc.system.name=aws-api tf_provider_addr=registry.terraform.io/hashicorp/aws http.response.header.content_type=application/xml http.response.header.date="Mon, 10 Aug 2026 05:12:40 GMT" http.response.header.x_amz_id_2=62dd833a-00e5-4b34-a3c7-e09452ae80d1 http.status_code=200 tf_aws.signing_region="" tf_rpc=ReadResource @module=aws http.duration=7 rpc.method=EC2/DescribeSubnets tf_mux_provider="*schema.GRPCProviderServer" tf_resource_type=aws_subnet aws.region=us-east-1 http.response.header.x_amz_request_id=62dd833a-00e5-4b34-a3c7-e09452ae80d1 http.response.header.x_amzn_requestid=62dd833a-00e5-4b34-a3c7-e09452ae80d1 http.response_content_length=951 tf_aws.sdk=aws-sdk-go-v2 tf_req_id=c4caa171-ae3a-7fd5-5638-c0608e535a2f timestamp=2026-08-10T00:12:40.985-0500
2026-08-10T00:12:40.987-0500 [DEBUG] provider.terraform-provider-aws_v6.58.0_x5.exe: HTTP Response Received: tf_mux_provider="*schema.GRPCProviderServer" tf_provider_addr=registry.terraform.io/hashicorp/aws tf_req_id=92b824e1-db00-4653-5923-3b24e92a1b9d @caller=github.com/hashicorp/aws-sdk-go-base/v2@v2.0.0-beta.73/logging/tf_logger.go:45 tf_aws.signing_region="" tf_resource_type=aws_security_group tf_rpc=ReadResource http.response.header.date="Mon, 10 Aug 2026 05:12:40 GMT" http.response.header.x_amz_request_id=e9a58330-955a-46d9-9a88-08680ce780ec http.status_code=200 rpc.method=EC2/DescribeSecurityGroups @module=aws aws.region=us-east-1
  http.response.body=
  | <DescribeSecurityGroupsResponse xmlns="http://ec2.amazonaws.com/doc/2016-11-15/"><requestId>ce805934-1898-4e85-84f3-cfbe1c6ec02b</requestId><securityGroupInfo><item><ownerId>000000000000</ownerId><groupId>sg-c95eee0cd4d1626dc</groupId><groupName>curso-web-tf</groupName><groupDescription>SG de los servidores web del curso</groupDescription><vpcId>vpc-2348b1b1</vpcId><ipPermissions><item><ipProtocol>tcp</ipProtocol><fromPort>80</fromPort><toPort>80</toPort><ipRanges><item><cidrIp>0.0.0.0/0</cidrIp></item></ipRanges><ipv6Ranges></ipv6Ranges><groups></groups></item><item><ipProtocol>tcp</ipProtocol><fromPort>3389</fromPort><toPort>3389</toPort><ipRanges><item><cidrIp>0.0.0.0/0</cidrIp></item></ipRanges><ipv6Ranges></ipv6Ranges><groups></groups></item><item><ipProtocol>tcp</ipProtocol><fromPort>22</fromPort><toPort>22</toPort><ipRanges><item><cidrIp>0.0.0.0/0</cidrIp></item></ipRanges><ipv6Ranges></ipv6Ranges><groups></groups></item></ipPermissions><ipPermissionsEgress><item><ipProtocol>-1</ipProtocol><ipRanges><item><cidrIp>0.0.0.0/0</cidrIp></item></ipRanges><ipv6Ranges></ipv6Ranges><groups></groups></item><item><ipProtocol>-1</ipProtocol><ipRanges><item><cidrIp>0.0.0.0/0</cidrIp></item></ipRanges><ipv6Ranges></ipv6Ranges><groups></groups></item></ipPermissionsEgress><tagSet><item><key>Name</key><value>curso-web-tf</value></item></tagSet></item></securityGroupInfo></DescribeSecurityGroupsResponse>
   http.response.header.content_type=application/xml http.response.header.x_amz_id_2=e9a58330-955a-46d9-9a88-08680ce780ec http.response_content_length=1417 rpc.system.name=aws-api http.duration=7 http.response.header.x_amzn_requestid=e9a58330-955a-46d9-9a88-08680ce780ec tf_aws.sdk=aws-sdk-go-v2 timestamp=2026-08-10T00:12:40.986-0500
2026-08-10T00:12:40.987-0500 [DEBUG] provider.terraform-provider-aws_v6.58.0_x5.exe: HTTP Response Received: @caller=github.com/hashicorp/aws-sdk-go-base/v2@v2.0.0-beta.73/logging/tf_logger.go:45 tf_rpc=ReadResource http.response.header.x_amz_id_2=af139f11-2237-4b4e-8411-b0e6e25a55bc http.response.header.x_amzn_requestid=af139f11-2237-4b4e-8411-b0e6e25a55bc @module=aws aws.region=us-east-1
  http.response.body=
  | <DescribeTargetGroupsResponse xmlns="https://elasticloadbalancing.amazonaws.com/doc/2015-12-01/"><DescribeTargetGroupsResult><TargetGroups><member><TargetGroupArn>arn:aws:elasticloadbalancing:us-east-1:000000000000:targetgroup/curso-web-tg-tf/8792dc8617e84eaa</TargetGroupArn><TargetGroupName>curso-web-tg-tf</TargetGroupName><Protocol>HTTP</Protocol><ProtocolVersion></ProtocolVersion><Port>80</Port><VpcId>vpc-2348b1b1</VpcId><HealthCheckProtocol>HTTP</HealthCheckProtocol><HealthCheckPort>traffic-port</HealthCheckPort><HealthCheckEnabled>true</HealthCheckEnabled><HealthCheckIntervalSeconds>30</HealthCheckIntervalSeconds><HealthCheckTimeoutSeconds>5</HealthCheckTimeoutSeconds><HealthyThresholdCount>5</HealthyThresholdCount><UnhealthyThresholdCount>2</UnhealthyThresholdCount><HealthCheckPath>/</HealthCheckPath><Matcher><HttpCode>200</HttpCode></Matcher><LoadBalancerArns><member>arn:aws:elasticloadbalancing:us-east-1:000000000000:loadbalancer/app/curso-alb-tf/0be17ff83c3e4e05</member></LoadBalancerArns><TargetType>instance</TargetType><IpAddressType>ipv4</IpAddressType></member></TargetGroups><NextMarker></NextMarker></DescribeTargetGroupsResult><ResponseMetadata><RequestId>fc5fface-a2d6-4740-beb6-55cec37c0023</RequestId></ResponseMetadata></DescribeTargetGroupsResponse>
   tf_aws.sdk=aws-sdk-go-v2 tf_aws.signing_region="" tf_provider_addr=registry.terraform.io/hashicorp/aws http.response.header.date="Mon, 10 Aug 2026 05:12:40 GMT" http.status_code=200 rpc.method="Elastic Load Balancing v2/DescribeTargetGroups" rpc.system.name=aws-api tf_mux_provider="*schema.GRPCProviderServer" tf_resource_type=aws_lb_target_group http.response.header.x_amz_request_id=af139f11-2237-4b4e-8411-b0e6e25a55bc http.response_content_length=1286 http.duration=7 http.response.header.content_type=application/xml tf_req_id=6f2168f7-8db7-e7cf-da77-e407a0e0a3b2 timestamp=2026-08-10T00:12:40.987-0500
2026-08-10T00:12:40.988-0500 [DEBUG] provider.terraform-provider-aws_v6.58.0_x5.exe: setting endpoint: tf_provider_addr=registry.terraform.io/hashicorp/aws tf_req_id=6f2168f7-8db7-e7cf-da77-e407a0e0a3b2 rpc.method="Elastic Load Balancing v2/DescribeTargetGroupAttributes" tf_aws.endpoint="map[Headers:<nil> Properties:map[] URI:map[ForceQuery:false Fragment: Host: OmitHost:false Opaque: Path: RawFragment: RawPath: RawQuery: Scheme: User:<nil>]]" tf_mux_provider="*schema.GRPCProviderServer" @module=aws tf_resource_type=aws_lb_target_group tf_rpc=ReadResource @caller=github.com/hashicorp/terraform-provider-aws/internal/service/elbv2/service_endpoint_resolver_gen.go:39 aws.region=us-east-1 rpc.system.name=aws-api tf_aws.sdk=aws-sdk-go-v2 timestamp=2026-08-10T00:12:40.987-0500
2026-08-10T00:12:40.988-0500 [DEBUG] provider.terraform-provider-aws_v6.58.0_x5.exe: HTTP Request Sent: http.method=POST
  http.request.body=
  | Action=DescribeTargetGroupAttributes&TargetGroupArn=arn%3Aaws%3Aelasticloadbalancing%3Aus-east-1%3A000000000000%3Atargetgroup%2Fcurso-web-tg-tf%2F8792dc8617e84eaa&Version=2015-12-01
   http.request.header.amz_sdk_request="attempt=1; max=25" http.request.header.x_amz_date=20260810T051240Z http.user_agent="APN/1.0 HashiCorp/1.0 Terraform/1.15.7 (+https://www.terraform.io) terraform-provider-aws/6.58.0 (+https://registry.terraform.io/providers/hashicorp/aws) aws-sdk-go-v2/1.43.2 ua/2.1 os/windows lang/go#1.26.5 md/GOOS#windows md/GOARCH#amd64 api/elasticloadbalancingv2#1.58.3 m/e" net.peer.port=4566 rpc.system.name=aws-api tf_mux_provider="*schema.GRPCProviderServer" http.url=http://localhost:4566/ rpc.method="Elastic Load Balancing v2/DescribeTargetGroupAttributes" tf_aws.sdk=aws-sdk-go-v2 tf_rpc=ReadResource aws.region=us-east-1 http.request.header.amz_sdk_invocation_id=2525a922-3980-42a6-b894-580961f48cc2 http.request.header.authorization="AWS4-HMAC-SHA256 Credential=test/20260810/us-east-1/elasticloadbalancing/aws4_request, SignedHeaders=amz-sdk-invocation-id;amz-sdk-request;content-length;content-type;host;x-amz-date, Signature=*****" http.request_content_length=181 tf_provider_addr=registry.terraform.io/hashicorp/aws tf_req_id=6f2168f7-8db7-e7cf-da77-e407a0e0a3b2 tf_resource_type=aws_lb_target_group @caller=github.com/hashicorp/aws-sdk-go-base/v2@v2.0.0-beta.73/logging/tf_logger.go:45 @module=aws http.request.header.content_type=application/x-www-form-urlencoded net.peer.name=localhost tf_aws.signing_region="" timestamp=2026-08-10T00:12:40.988-0500
2026-08-10T00:12:40.990-0500 [WARN]  Provider "registry.terraform.io/hashicorp/aws" produced an invalid plan for aws_subnet.pub1, but we are tolerating it because it is using the legacy plugin SDK.
    The following problems may be the cause of any confusing errors from downstream operations:
      - .enable_lni_at_device_index: planned value cty.NumberIntVal(0) for a non-computed attribute
      - .map_customer_owned_ip_on_launch: planned value cty.False for a non-computed attribute
      - .assign_ipv6_address_on_creation: planned value cty.False for a non-computed attribute
      - .enable_resource_name_dns_a_record_on_launch: planned value cty.False for a non-computed attribute
      - .outpost_arn: planned value cty.StringVal("") for a non-computed attribute
      - .enable_resource_name_dns_aaaa_record_on_launch: planned value cty.False for a non-computed attribute
      - .ipv6_native: planned value cty.False for a non-computed attribute
      - .customer_owned_ipv4_pool: planned value cty.StringVal("") for a non-computed attribute
      - .enable_dns64: planned value cty.False for a non-computed attribute
2026-08-10T00:12:40.990-0500 [DEBUG] ReferenceTransformer: "aws_route_table_association.pub1" references: []
2026-08-10T00:12:40.990-0500 [WARN]  Provider "registry.terraform.io/hashicorp/aws" produced an invalid plan for aws_subnet.priv1, but we are tolerating it because it is using the legacy plugin SDK.
    The following problems may be the cause of any confusing errors from downstream operations:
      - .ipv6_native: planned value cty.False for a non-computed attribute
      - .customer_owned_ipv4_pool: planned value cty.StringVal("") for a non-computed attribute
      - .enable_dns64: planned value cty.False for a non-computed attribute
      - .enable_lni_at_device_index: planned value cty.NumberIntVal(0) for a non-computed attribute
      - .map_customer_owned_ip_on_launch: planned value cty.False for a non-computed attribute
      - .map_public_ip_on_launch: planned value cty.False for a non-computed attribute
      - .assign_ipv6_address_on_creation: planned value cty.False for a non-computed attribute
      - .enable_resource_name_dns_a_record_on_launch: planned value cty.False for a non-computed attribute
      - .outpost_arn: planned value cty.StringVal("") for a non-computed attribute
      - .enable_resource_name_dns_aaaa_record_on_launch: planned value cty.False for a non-computed attribute
2026-08-10T00:12:40.991-0500 [WARN]  Provider "registry.terraform.io/hashicorp/aws" produced an invalid plan for aws_subnet.priv2, but we are tolerating it because it is using the legacy plugin SDK.
    The following problems may be the cause of any confusing errors from downstream operations:
      - .enable_resource_name_dns_aaaa_record_on_launch: planned value cty.False for a non-computed attribute
      - .ipv6_native: planned value cty.False for a non-computed attribute
      - .customer_owned_ipv4_pool: planned value cty.StringVal("") for a non-computed attribute
      - .enable_dns64: planned value cty.False for a non-computed attribute
      - .enable_lni_at_device_index: planned value cty.NumberIntVal(0) for a non-computed attribute
      - .map_customer_owned_ip_on_launch: planned value cty.False for a non-computed attribute
      - .map_public_ip_on_launch: planned value cty.False for a non-computed attribute
      - .assign_ipv6_address_on_creation: planned value cty.False for a non-computed attribute
      - .enable_resource_name_dns_a_record_on_launch: planned value cty.False for a non-computed attribute
      - .outpost_arn: planned value cty.StringVal("") for a non-computed attribute
2026-08-10T00:12:40.991-0500 [DEBUG] ReferenceTransformer: "aws_db_subnet_group.main" references: []
2026-08-10T00:12:40.992-0500 [DEBUG] provider.terraform-provider-aws_v6.58.0_x5.exe: setting endpoint: @caller=github.com/hashicorp/terraform-provider-aws/internal/service/ec2/service_endpoint_resolver_gen.go:39 @module=aws rpc.method=EC2/DescribeRouteTables tf_aws.sdk=aws-sdk-go-v2 tf_mux_provider="*schema.GRPCProviderServer" tf_rpc=ReadResource aws.region=us-east-1 rpc.system.name=aws-api tf_resource_type=aws_route_table_association tf_req_id=0cfb876f-cf3a-1ca6-b577-98c90a15ae47 tf_provider_addr=registry.terraform.io/hashicorp/aws tf_aws.endpoint="map[Headers:<nil> Properties:map[] URI:map[ForceQuery:false Fragment: Host: OmitHost:false Opaque: Path: RawFragment: RawPath: RawQuery: Scheme: User:<nil>]]" timestamp=2026-08-10T00:12:40.992-0500
2026-08-10T00:12:40.992-0500 [DEBUG] provider.terraform-provider-aws_v6.58.0_x5.exe: HTTP Request Sent: http.request.header.x_amz_date=20260810T051240Z http.request_content_length=133 http.url=http://localhost:4566/ rpc.method=EC2/DescribeRouteTables rpc.system.name=aws-api tf_aws.signing_region="" @caller=github.com/hashicorp/aws-sdk-go-base/v2@v2.0.0-beta.73/logging/tf_logger.go:45 aws.region=us-east-1 http.method=POST http.user_agent="APN/1.0 HashiCorp/1.0 Terraform/1.15.7 (+https://www.terraform.io) terraform-provider-aws/6.58.0 (+https://registry.terraform.io/providers/hashicorp/aws) aws-sdk-go-v2/1.43.2 ua/2.1 os/windows lang/go#1.26.5 md/GOOS#windows md/GOARCH#amd64 api/ec2#1.318.0 m/C,e" net.peer.port=4566 tf_rpc=ReadResource @module=aws http.request.header.amz_sdk_request="attempt=1; max=25" http.request.header.authorization="AWS4-HMAC-SHA256 Credential=test/20260810/us-east-1/ec2/aws4_request, SignedHeaders=amz-sdk-invocation-id;amz-sdk-request;content-length;content-type;host;x-amz-date, Signature=*****" http.request.header.content_type=application/x-www-form-urlencoded net.peer.name=localhost tf_mux_provider="*schema.GRPCProviderServer" tf_provider_addr=registry.terraform.io/hashicorp/aws tf_req_id=0cfb876f-cf3a-1ca6-b577-98c90a15ae47
  http.request.body=
  | Action=DescribeRouteTables&Filter.1.Name=association.route-table-association-id&Filter.1.Value.1=rtbassoc-67e9ea01&Version=2016-11-15
   http.request.header.amz_sdk_invocation_id=1cd847ba-9831-496d-8934-cd6949c77110 tf_aws.sdk=aws-sdk-go-v2 tf_resource_type=aws_route_table_association timestamp=2026-08-10T00:12:40.992-0500
2026-08-10T00:12:40.992-0500 [WARN]  Provider "registry.terraform.io/hashicorp/aws" produced an invalid plan for aws_subnet.pub2, but we are tolerating it because it is using the legacy plugin SDK.
    The following problems may be the cause of any confusing errors from downstream operations:
      - .outpost_arn: planned value cty.StringVal("") for a non-computed attribute
      - .enable_resource_name_dns_aaaa_record_on_launch: planned value cty.False for a non-computed attribute
      - .ipv6_native: planned value cty.False for a non-computed attribute
      - .customer_owned_ipv4_pool: planned value cty.StringVal("") for a non-computed attribute
      - .enable_dns64: planned value cty.False for a non-computed attribute
      - .enable_lni_at_device_index: planned value cty.NumberIntVal(0) for a non-computed attribute
      - .map_customer_owned_ip_on_launch: planned value cty.False for a non-computed attribute
      - .assign_ipv6_address_on_creation: planned value cty.False for a non-computed attribute
      - .enable_resource_name_dns_a_record_on_launch: planned value cty.False for a non-computed attribute
2026-08-10T00:12:40.993-0500 [DEBUG] ReferenceTransformer: "aws_route_table_association.pub2" references: []
2026-08-10T00:12:40.993-0500 [DEBUG] provider.terraform-provider-aws_v6.58.0_x5.exe: setting endpoint: rpc.method=RDS/DescribeDBSubnetGroups tf_req_id=c374b03d-cc36-2f17-f947-ada642d7a4ab tf_rpc=ReadResource rpc.system.name=aws-api tf_aws.sdk=aws-sdk-go-v2 tf_resource_type=aws_db_subnet_group aws.region=us-east-1 tf_aws.endpoint="map[Headers:<nil> Properties:map[] URI:map[ForceQuery:false Fragment: Host: OmitHost:false Opaque: Path: RawFragment: RawPath: RawQuery: Scheme: User:<nil>]]" @module=aws tf_mux_provider="*schema.GRPCProviderServer" tf_provider_addr=registry.terraform.io/hashicorp/aws @caller=github.com/hashicorp/terraform-provider-aws/internal/service/rds/service_endpoint_resolver_gen.go:39 timestamp=2026-08-10T00:12:40.993-0500
2026-08-10T00:12:40.993-0500 [DEBUG] provider.terraform-provider-aws_v6.58.0_x5.exe: HTTP Request Sent: tf_rpc=ReadResource @module=aws http.request.header.amz_sdk_request="attempt=1; max=25" http.request.header.authorization="AWS4-HMAC-SHA256 Credential=test/20260810/us-east-1/rds/aws4_request, SignedHeaders=amz-sdk-invocation-id;amz-sdk-request;content-length;content-type;host;x-amz-date, Signature=*****" http.request.header.x_amz_date=20260810T051240Z tf_mux_provider="*schema.GRPCProviderServer" tf_resource_type=aws_db_subnet_group http.method=POST http.request_content_length=78 http.user_agent="APN/1.0 HashiCorp/1.0 Terraform/1.15.7 (+https://www.terraform.io) terraform-provider-aws/6.58.0 (+https://registry.terraform.io/providers/hashicorp/aws) aws-sdk-go-v2/1.43.2 ua/2.1 os/windows lang/go#1.26.5 md/GOOS#windows md/GOARCH#amd64 api/rds#1.123.2 m/C,e" net.peer.port=4566 tf_provider_addr=registry.terraform.io/hashicorp/aws aws.region=us-east-1 http.request.header.amz_sdk_invocation_id=b1074cd3-ad94-4e33-9dbf-817417882223 http.request.header.content_type=application/x-www-form-urlencoded http.url=http://localhost:4566/ rpc.method=RDS/DescribeDBSubnetGroups tf_aws.sdk=aws-sdk-go-v2 tf_aws.signing_region="" tf_req_id=c374b03d-cc36-2f17-f947-ada642d7a4ab @caller=github.com/hashicorp/aws-sdk-go-base/v2@v2.0.0-beta.73/logging/tf_logger.go:45
  http.request.body=
  | Action=DescribeDBSubnetGroups&DBSubnetGroupName=curso-db-tf&Version=2014-10-31
   net.peer.name=localhost rpc.system.name=aws-api timestamp=2026-08-10T00:12:40.993-0500
2026-08-10T00:12:40.993-0500 [WARN]  Provider "registry.terraform.io/hashicorp/aws" produced an invalid plan for aws_security_group.alb, but we are tolerating it because it is using the legacy plugin SDK.
    The following problems may be the cause of any confusing errors from downstream operations:
      - .revoke_rules_on_delete: planned value cty.False for a non-computed attribute
2026-08-10T00:12:40.994-0500 [DEBUG] ReferenceTransformer: "aws_lb.main" references: []
2026-08-10T00:12:40.994-0500 [DEBUG] provider.terraform-provider-aws_v6.58.0_x5.exe: setting endpoint: rpc.system.name=aws-api tf_aws.sdk=aws-sdk-go-v2 @caller=github.com/hashicorp/terraform-provider-aws/internal/service/ec2/service_endpoint_resolver_gen.go:39 rpc.method=EC2/DescribeRouteTables tf_provider_addr=registry.terraform.io/hashicorp/aws aws.region=us-east-1 tf_aws.endpoint="map[Headers:<nil> Properties:map[] URI:map[ForceQuery:false Fragment: Host: OmitHost:false Opaque: Path: RawFragment: RawPath: RawQuery: Scheme: User:<nil>]]" tf_req_id=4be3e940-71c5-c551-35e5-a2804ecdfb36 @module=aws tf_mux_provider="*schema.GRPCProviderServer" tf_resource_type=aws_route_table_association tf_rpc=ReadResource timestamp=2026-08-10T00:12:40.994-0500
2026-08-10T00:12:40.994-0500 [DEBUG] provider.terraform-provider-aws_v6.58.0_x5.exe: HTTP Request Sent: http.request.header.x_amz_date=20260810T051240Z net.peer.name=localhost tf_resource_type=aws_route_table_association @caller=github.com/hashicorp/aws-sdk-go-base/v2@v2.0.0-beta.73/logging/tf_logger.go:45 aws.region=us-east-1
  http.request.body=
  | Action=DescribeRouteTables&Filter.1.Name=association.route-table-association-id&Filter.1.Value.1=rtbassoc-9af1e274&Version=2016-11-15
   http.request.header.content_type=application/x-www-form-urlencoded http.request_content_length=133 tf_aws.sdk=aws-sdk-go-v2 @module=aws http.method=POST rpc.system.name=aws-api tf_provider_addr=registry.terraform.io/hashicorp/aws tf_req_id=4be3e940-71c5-c551-35e5-a2804ecdfb36 http.url=http://localhost:4566/ http.user_agent="APN/1.0 HashiCorp/1.0 Terraform/1.15.7 (+https://www.terraform.io) terraform-provider-aws/6.58.0 (+https://registry.terraform.io/providers/hashicorp/aws) aws-sdk-go-v2/1.43.2 ua/2.1 os/windows lang/go#1.26.5 md/GOOS#windows md/GOARCH#amd64 api/ec2#1.318.0 m/C,e" net.peer.port=4566 rpc.method=EC2/DescribeRouteTables tf_aws.signing_region="" tf_mux_provider="*schema.GRPCProviderServer" tf_rpc=ReadResource http.request.header.amz_sdk_invocation_id=c15d3211-22f0-4040-a95f-e2da1d661dba http.request.header.amz_sdk_request="attempt=1; max=25" http.request.header.authorization="AWS4-HMAC-SHA256 Credential=test/20260810/us-east-1/ec2/aws4_request, SignedHeaders=amz-sdk-invocation-id;amz-sdk-request;content-length;content-type;host;x-amz-date, Signature=*****" timestamp=2026-08-10T00:12:40.994-0500
2026-08-10T00:12:40.995-0500 [WARN]  Provider "registry.terraform.io/hashicorp/aws" produced an invalid plan for aws_security_group.web, but we are tolerating it because it is using the legacy plugin SDK.
    The following problems may be the cause of any confusing errors from downstream operations:
      - .revoke_rules_on_delete: planned value cty.False for a non-computed attribute
2026-08-10T00:12:40.996-0500 [DEBUG] ReferenceTransformer: "aws_instance.web1" references: []
2026-08-10T00:12:40.996-0500 [DEBUG] ReferenceTransformer: "aws_instance.web2" references: []
2026-08-10T00:12:40.996-0500 [DEBUG] provider.terraform-provider-aws_v6.58.0_x5.exe: setting endpoint: tf_aws.endpoint="map[Headers:<nil> Properties:map[] URI:map[ForceQuery:false Fragment: Host: OmitHost:false Opaque: Path: RawFragment: RawPath: RawQuery: Scheme: User:<nil>]]" tf_aws.sdk=aws-sdk-go-v2 tf_req_id=4a6feffd-3337-f306-62f7-39b55225f300 @module=aws aws.region=us-east-1 rpc.system.name=aws-api tf_resource_type=aws_lb rpc.method="Elastic Load Balancing v2/DescribeLoadBalancers" tf_mux_provider="*schema.GRPCProviderServer" tf_provider_addr=registry.terraform.io/hashicorp/aws tf_rpc=ReadResource @caller=github.com/hashicorp/terraform-provider-aws/internal/service/elbv2/service_endpoint_resolver_gen.go:39 timestamp=2026-08-10T00:12:40.996-0500
2026-08-10T00:12:40.996-0500 [DEBUG] provider.terraform-provider-aws_v6.58.0_x5.exe: HTTP Request Sent: http.url=http://localhost:4566/ tf_provider_addr=registry.terraform.io/hashicorp/aws tf_resource_type=aws_lb
  http.request.body=
  | Action=DescribeLoadBalancers&LoadBalancerArns.member.1=arn%3Aaws%3Aelasticloadbalancing%3Aus-east-1%3A000000000000%3Aloadbalancer%2Fapp%2Fcurso-alb-tf%2F0be17ff83c3e4e05&Version=2015-12-01
   http.request.header.authorization="AWS4-HMAC-SHA256 Credential=test/20260810/us-east-1/elasticloadbalancing/aws4_request, SignedHeaders=amz-sdk-invocation-id;amz-sdk-request;content-length;content-type;host;x-amz-date, Signature=*****" http.request.header.x_amz_date=20260810T051240Z http.user_agent="APN/1.0 HashiCorp/1.0 Terraform/1.15.7 (+https://www.terraform.io) terraform-provider-aws/6.58.0 (+https://registry.terraform.io/providers/hashicorp/aws) aws-sdk-go-v2/1.43.2 ua/2.1 os/windows lang/go#1.26.5 md/GOOS#windows md/GOARCH#amd64 api/elasticloadbalancingv2#1.58.3 m/C,e" net.peer.name=localhost net.peer.port=4566 rpc.system.name=aws-api @module=aws aws.region=us-east-1 http.request.header.amz_sdk_request="attempt=1; max=25" http.request.header.content_type=application/x-www-form-urlencoded http.request_content_length=188 rpc.method="Elastic Load Balancing v2/DescribeLoadBalancers" tf_aws.sdk=aws-sdk-go-v2 tf_mux_provider="*schema.GRPCProviderServer" http.method=POST tf_aws.signing_region="" tf_req_id=4a6feffd-3337-f306-62f7-39b55225f300 tf_rpc=ReadResource @caller=github.com/hashicorp/aws-sdk-go-base/v2@v2.0.0-beta.73/logging/tf_logger.go:45 http.request.header.amz_sdk_invocation_id=41fa94ab-9f4e-438b-8573-a543fa27d228 timestamp=2026-08-10T00:12:40.996-0500
2026-08-10T00:12:40.999-0500 [DEBUG] provider.terraform-provider-aws_v6.58.0_x5.exe: setting endpoint: rpc.system.name=aws-api tf_aws.endpoint="map[Headers:<nil> Properties:map[] URI:map[ForceQuery:false Fragment: Host: OmitHost:false Opaque: Path: RawFragment: RawPath: RawQuery: Scheme: User:<nil>]]" tf_mux_provider="*schema.GRPCProviderServer" @module=aws aws.region=us-east-1 tf_aws.sdk=aws-sdk-go-v2 tf_req_id=e08ccd59-24ab-aaea-218c-f10f1d748627 tf_resource_type=aws_instance @caller=github.com/hashicorp/terraform-provider-aws/internal/service/ec2/service_endpoint_resolver_gen.go:39 rpc.method=EC2/DescribeInstances tf_provider_addr=registry.terraform.io/hashicorp/aws tf_rpc=ReadResource timestamp=2026-08-10T00:12:40.999-0500
2026-08-10T00:12:40.999-0500 [DEBUG] provider.terraform-provider-aws_v6.58.0_x5.exe: HTTP Request Sent: rpc.system.name=aws-api tf_aws.sdk=aws-sdk-go-v2 @caller=github.com/hashicorp/aws-sdk-go-base/v2@v2.0.0-beta.73/logging/tf_logger.go:45 http.method=POST http.user_agent="APN/1.0 HashiCorp/1.0 Terraform/1.15.7 (+https://www.terraform.io) terraform-provider-aws/6.58.0 (+https://registry.terraform.io/providers/hashicorp/aws) aws-sdk-go-v2/1.43.2 ua/2.1 os/windows lang/go#1.26.5 md/GOOS#windows md/GOARCH#amd64 api/ec2#1.318.0 m/C,e" net.peer.port=4566 rpc.method=EC2/DescribeInstances tf_aws.signing_region="" tf_provider_addr=registry.terraform.io/hashicorp/aws tf_resource_type=aws_instance http.request.header.amz_sdk_invocation_id=842d2465-a83d-4cbc-bd59-d5acc8a77022 net.peer.name=localhost tf_rpc=ReadResource @module=aws
  http.request.body=
  | Action=DescribeInstances&InstanceId.1=i-8f1c72f9929940f76&Version=2016-11-15
   http.request.header.content_type=application/x-www-form-urlencoded http.url=http://localhost:4566/ tf_mux_provider="*schema.GRPCProviderServer" tf_req_id=e08ccd59-24ab-aaea-218c-f10f1d748627 aws.region=us-east-1 http.request.header.amz_sdk_request="attempt=1; max=25" http.request.header.authorization="AWS4-HMAC-SHA256 Credential=test/20260810/us-east-1/ec2/aws4_request, SignedHeaders=amz-sdk-invocation-id;amz-sdk-request;content-length;content-type;host;x-amz-date, Signature=*****" http.request.header.x_amz_date=20260810T051240Z http.request_content_length=76 timestamp=2026-08-10T00:12:40.999-0500
2026-08-10T00:12:40.999-0500 [DEBUG] provider.terraform-provider-aws_v6.58.0_x5.exe: setting endpoint: @module=aws rpc.method=EC2/DescribeInstances tf_aws.endpoint="map[Headers:<nil> Properties:map[] URI:map[ForceQuery:false Fragment: Host: OmitHost:false Opaque: Path: RawFragment: RawPath: RawQuery: Scheme: User:<nil>]]" tf_aws.sdk=aws-sdk-go-v2 tf_mux_provider="*schema.GRPCProviderServer" aws.region=us-east-1 rpc.system.name=aws-api tf_provider_addr=registry.terraform.io/hashicorp/aws tf_rpc=ReadResource @caller=github.com/hashicorp/terraform-provider-aws/internal/service/ec2/service_endpoint_resolver_gen.go:39 tf_req_id=022d81b2-4025-3723-bfd4-05e115ecf5ef tf_resource_type=aws_instance timestamp=2026-08-10T00:12:40.999-0500
2026-08-10T00:12:40.999-0500 [DEBUG] provider.terraform-provider-aws_v6.58.0_x5.exe: HTTP Request Sent: tf_mux_provider="*schema.GRPCProviderServer" tf_rpc=ReadResource @caller=github.com/hashicorp/aws-sdk-go-base/v2@v2.0.0-beta.73/logging/tf_logger.go:45 @module=aws http.method=POST
  http.request.body=
  | Action=DescribeInstances&InstanceId.1=i-7b80c4ed9b4b302a8&Version=2016-11-15
   http.request.header.amz_sdk_invocation_id=58dda74c-6241-46de-afe9-1bb4a4226d96 http.request.header.amz_sdk_request="attempt=1; max=25" http.request.header.authorization="AWS4-HMAC-SHA256 Credential=test/20260810/us-east-1/ec2/aws4_request, SignedHeaders=amz-sdk-invocation-id;amz-sdk-request;content-length;content-type;host;x-amz-date, Signature=*****" http.url=http://localhost:4566/ http.user_agent="APN/1.0 HashiCorp/1.0 Terraform/1.15.7 (+https://www.terraform.io) terraform-provider-aws/6.58.0 (+https://registry.terraform.io/providers/hashicorp/aws) aws-sdk-go-v2/1.43.2 ua/2.1 os/windows lang/go#1.26.5 md/GOOS#windows md/GOARCH#amd64 api/ec2#1.318.0 m/C,e" net.peer.name=localhost rpc.method=EC2/DescribeInstances rpc.system.name=aws-api tf_provider_addr=registry.terraform.io/hashicorp/aws aws.region=us-east-1 tf_aws.sdk=aws-sdk-go-v2 tf_req_id=022d81b2-4025-3723-bfd4-05e115ecf5ef tf_resource_type=aws_instance http.request.header.content_type=application/x-www-form-urlencoded http.request.header.x_amz_date=20260810T051240Z http.request_content_length=76 net.peer.port=4566 tf_aws.signing_region="" timestamp=2026-08-10T00:12:40.999-0500
2026-08-10T00:12:41.019-0500 [DEBUG] provider.terraform-provider-aws_v6.58.0_x5.exe: HTTP Response Received: tf_aws.sdk=aws-sdk-go-v2 tf_mux_provider="*schema.GRPCProviderServer" tf_req_id=b82ab402-ce89-b900-6475-782f7fc9cbf9 @module=aws http.duration=41 tf_rpc=ReadResource @caller=github.com/hashicorp/aws-sdk-go-base/v2@v2.0.0-beta.73/logging/tf_logger.go:45 aws.region=us-east-1
  http.response.body=
  | <DescribeInternetGatewaysResponse xmlns="http://ec2.amazonaws.com/doc/2016-11-15/"><requestId>d458a728-023a-4b17-a5aa-b74195cd7133</requestId><internetGatewaySet><item><internetGatewayId>igw-6d7fde71</internetGatewayId><ownerId>000000000000</ownerId><attachmentSet><item><vpcId>vpc-2348b1b1</vpcId><state>available</state></item></attachmentSet><tagSet><item><key>Name</key><value>curso-igw-tf</value></item></tagSet></item></internetGatewaySet></DescribeInternetGatewaysResponse>
   http.response.header.content_type=application/xml http.response.header.date="Mon, 10 Aug 2026 05:12:41 GMT" http.response.header.x_amzn_requestid=fa26d550-7a07-43c2-8cdf-ab9de3c12428 http.response_content_length=480 http.status_code=200 tf_aws.signing_region="" tf_provider_addr=registry.terraform.io/hashicorp/aws tf_resource_type=aws_internet_gateway http.response.header.x_amz_id_2=fa26d550-7a07-43c2-8cdf-ab9de3c12428 http.response.header.x_amz_request_id=fa26d550-7a07-43c2-8cdf-ab9de3c12428 rpc.method=EC2/DescribeInternetGateways rpc.system.name=aws-api timestamp=2026-08-10T00:12:41.019-0500
2026-08-10T00:12:41.021-0500 [DEBUG] ReferenceTransformer: "aws_route.default" references: []
2026-08-10T00:12:41.022-0500 [DEBUG] provider.terraform-provider-aws_v6.58.0_x5.exe: setting endpoint: @caller=github.com/hashicorp/terraform-provider-aws/internal/service/ec2/service_endpoint_resolver_gen.go:39 rpc.system.name=aws-api aws.region=us-east-1 tf_aws.sdk=aws-sdk-go-v2 tf_provider_addr=registry.terraform.io/hashicorp/aws tf_resource_type=aws_route @module=aws tf_rpc=ReadResource rpc.method=EC2/DescribeRouteTables tf_aws.endpoint="map[Headers:<nil> Properties:map[] URI:map[ForceQuery:false Fragment: Host: OmitHost:false Opaque: Path: RawFragment: RawPath: RawQuery: Scheme: User:<nil>]]" tf_mux_provider="*schema.GRPCProviderServer" tf_req_id=f7247104-5e5a-c0bf-5bd3-e6cb66d363d6 timestamp=2026-08-10T00:12:41.022-0500
2026-08-10T00:12:41.022-0500 [DEBUG] provider.terraform-provider-aws_v6.58.0_x5.exe: HTTP Request Sent: aws.region=us-east-1 http.request.header.amz_sdk_request="attempt=1; max=25" tf_aws.sdk=aws-sdk-go-v2 tf_aws.signing_region="" tf_mux_provider="*schema.GRPCProviderServer" tf_rpc=ReadResource @caller=github.com/hashicorp/aws-sdk-go-base/v2@v2.0.0-beta.73/logging/tf_logger.go:45 @module=aws http.method=POST http.request.header.authorization="AWS4-HMAC-SHA256 Credential=test/20260810/us-east-1/ec2/aws4_request, SignedHeaders=amz-sdk-invocation-id;amz-sdk-request;content-length;content-type;host;x-amz-date, Signature=*****" http.request.header.content_type=application/x-www-form-urlencoded http.user_agent="APN/1.0 HashiCorp/1.0 Terraform/1.15.7 (+https://www.terraform.io) terraform-provider-aws/6.58.0 (+https://registry.terraform.io/providers/hashicorp/aws) aws-sdk-go-v2/1.43.2 ua/2.1 os/windows lang/go#1.26.5 md/GOOS#windows md/GOARCH#amd64 api/ec2#1.318.0 m/C,e" net.peer.name=localhost rpc.system.name=aws-api http.request_content_length=73
  http.request.body=
  | Action=DescribeRouteTables&RouteTableId.1=rtb-bbfb0122&Version=2016-11-15
   http.request.header.amz_sdk_invocation_id=f5def480-f2c3-41a6-b1c5-6ba0cf7349e0 http.request.header.x_amz_date=20260810T051241Z http.url=http://localhost:4566/ rpc.method=EC2/DescribeRouteTables net.peer.port=4566 tf_provider_addr=registry.terraform.io/hashicorp/aws tf_req_id=f7247104-5e5a-c0bf-5bd3-e6cb66d363d6 tf_resource_type=aws_route timestamp=2026-08-10T00:12:41.022-0500
2026-08-10T00:12:41.030-0500 [DEBUG] provider.terraform-provider-aws_v6.58.0_x5.exe: HTTP Response Received: http.response.header.x_amz_request_id=f1b6c944-50a2-42ac-9cf5-6753c8ac5992 rpc.system.name=aws-api tf_req_id=6f2168f7-8db7-e7cf-da77-e407a0e0a3b2 tf_resource_type=aws_lb_target_group @module=aws http.response.header.content_type=application/xml http.response.header.x_amz_id_2=f1b6c944-50a2-42ac-9cf5-6753c8ac5992 http.response.header.x_amzn_requestid=f1b6c944-50a2-42ac-9cf5-6753c8ac5992 tf_aws.sdk=aws-sdk-go-v2 tf_mux_provider="*schema.GRPCProviderServer" aws.region=us-east-1 http.duration=42
  http.response.body=
  | <DescribeTargetGroupAttributesResponse xmlns="https://elasticloadbalancing.amazonaws.com/doc/2015-12-01/"><DescribeTargetGroupAttributesResult><Attributes><member><Key>deregistration_delay.timeout_seconds</Key><Value>300</Value></member></Attributes></DescribeTargetGroupAttributesResult><ResponseMetadata><RequestId>481970cd-f398-4c66-b59f-f100af5974d5</RequestId></ResponseMetadata></DescribeTargetGroupAttributesResponse>
   http.response.header.date="Mon, 10 Aug 2026 05:12:41 GMT" rpc.method="Elastic Load Balancing v2/DescribeTargetGroupAttributes" tf_provider_addr=registry.terraform.io/hashicorp/aws tf_rpc=ReadResource @caller=github.com/hashicorp/aws-sdk-go-base/v2@v2.0.0-beta.73/logging/tf_logger.go:45 http.response_content_length=424 http.status_code=200 tf_aws.signing_region="" timestamp=2026-08-10T00:12:41.030-0500
2026-08-10T00:12:41.031-0500 [DEBUG] provider.terraform-provider-aws_v6.58.0_x5.exe: setting endpoint: @caller=github.com/hashicorp/terraform-provider-aws/internal/service/elbv2/service_endpoint_resolver_gen.go:39 aws.region=us-east-1 tf_req_id=6f2168f7-8db7-e7cf-da77-e407a0e0a3b2 tf_rpc=ReadResource tf_mux_provider="*schema.GRPCProviderServer" @module=aws rpc.method="Elastic Load Balancing v2/DescribeTags" rpc.system.name=aws-api tf_aws.endpoint="map[Headers:<nil> Properties:map[] URI:map[ForceQuery:false Fragment: Host: OmitHost:false Opaque: Path: RawFragment: RawPath: RawQuery: Scheme: User:<nil>]]" tf_aws.sdk=aws-sdk-go-v2 tf_provider_addr=registry.terraform.io/hashicorp/aws tf_resource_type=aws_lb_target_group timestamp=2026-08-10T00:12:41.031-0500
2026-08-10T00:12:41.031-0500 [DEBUG] provider.terraform-provider-aws_v6.58.0_x5.exe: HTTP Request Sent: @caller=github.com/hashicorp/aws-sdk-go-base/v2@v2.0.0-beta.73/logging/tf_logger.go:45 @module=aws aws.region=us-east-1
  http.request.body=
  | Action=DescribeTags&ResourceArns.member.1=arn%3Aaws%3Aelasticloadbalancing%3Aus-east-1%3A000000000000%3Atargetgroup%2Fcurso-web-tg-tf%2F8792dc8617e84eaa&Version=2015-12-01
   http.request.header.amz_sdk_request="attempt=1; max=25" rpc.method="Elastic Load Balancing v2/DescribeTags" http.request.header.authorization="AWS4-HMAC-SHA256 Credential=test/20260810/us-east-1/elasticloadbalancing/aws4_request, SignedHeaders=amz-sdk-invocation-id;amz-sdk-request;content-length;content-type;host;x-amz-date, Signature=*****" http.request.header.content_type=application/x-www-form-urlencoded net.peer.port=4566 tf_aws.signing_region="" tf_provider_addr=registry.terraform.io/hashicorp/aws tf_rpc=ReadResource http.request.header.amz_sdk_invocation_id=b8269d2e-0363-4e9b-9132-857b8a9c3746 http.request.header.x_amz_date=20260810T051241Z http.user_agent="APN/1.0 HashiCorp/1.0 Terraform/1.15.7 (+https://www.terraform.io) terraform-provider-aws/6.58.0 (+https://registry.terraform.io/providers/hashicorp/aws) aws-sdk-go-v2/1.43.2 ua/2.1 os/windows lang/go#1.26.5 md/GOOS#windows md/GOARCH#amd64 api/elasticloadbalancingv2#1.58.3 m/e" net.peer.name=localhost rpc.system.name=aws-api tf_aws.sdk=aws-sdk-go-v2 tf_mux_provider="*schema.GRPCProviderServer" http.method=POST http.request_content_length=171 http.url=http://localhost:4566/ tf_req_id=6f2168f7-8db7-e7cf-da77-e407a0e0a3b2 tf_resource_type=aws_lb_target_group timestamp=2026-08-10T00:12:41.031-0500
2026-08-10T00:12:41.035-0500 [DEBUG] provider.terraform-provider-aws_v6.58.0_x5.exe: HTTP Response Received: aws.region=us-east-1 tf_aws.sdk=aws-sdk-go-v2 tf_aws.signing_region="" @module=aws http.response.header.content_type=application/xml http.response.header.date="Mon, 10 Aug 2026 05:12:41 GMT" http.response.header.x_amz_id_2=f7e7f4b1-33e5-4a79-86bb-97eab575e852 rpc.method=EC2/DescribeRouteTables tf_mux_provider="*schema.GRPCProviderServer" tf_resource_type=aws_route_table_association tf_rpc=ReadResource http.duration=42
  http.response.body=
  | <DescribeRouteTablesResponse xmlns="http://ec2.amazonaws.com/doc/2016-11-15/"><requestId>4dd4c100-5edb-4990-9383-497d0c689ead</requestId><routeTableSet><item><routeTableId>rtb-bbfb0122</routeTableId><vpcId>vpc-2348b1b1</vpcId><ownerId>000000000000</ownerId><routeSet><item><destinationCidrBlock>10.0.0.0/16</destinationCidrBlock><gatewayId>local</gatewayId><state>active</state><origin>CreateRouteTable</origin></item><item><destinationCidrBlock>0.0.0.0/0</destinationCidrBlock><gatewayId>igw-6d7fde71</gatewayId><state>active</state><origin>CreateRoute</origin></item></routeSet><associationSet><item><routeTableAssociationId>rtbassoc-9af1e274</routeTableAssociationId><routeTableId>rtb-bbfb0122</routeTableId><subnetId>subnet-79c74029</subnetId><main>false</main><associationState><state>associated</state></associationState></item><item><routeTableAssociationId>rtbassoc-67e9ea01</routeTableAssociationId><routeTableId>rtb-bbfb0122</routeTableId><subnetId>subnet-d76c71a8</subnetId><main>false</main><associationState><state>associated</state></associationState></item></associationSet><tagSet><item><key>Name</key><value>curso-rt-public</value></item></tagSet></item></routeTableSet></DescribeRouteTablesResponse>
   http.response.header.x_amz_request_id=f7e7f4b1-33e5-4a79-86bb-97eab575e852 http.response.header.x_amzn_requestid=f7e7f4b1-33e5-4a79-86bb-97eab575e852 http.status_code=200 rpc.system.name=aws-api tf_req_id=0cfb876f-cf3a-1ca6-b577-98c90a15ae47 @caller=github.com/hashicorp/aws-sdk-go-base/v2@v2.0.0-beta.73/logging/tf_logger.go:45 http.response_content_length=1217 tf_provider_addr=registry.terraform.io/hashicorp/aws timestamp=2026-08-10T00:12:41.035-0500
2026-08-10T00:12:41.035-0500 [DEBUG] provider.terraform-provider-aws_v6.58.0_x5.exe: HTTP Response Received: @caller=github.com/hashicorp/aws-sdk-go-base/v2@v2.0.0-beta.73/logging/tf_logger.go:45 aws.region=us-east-1 http.duration=41 http.response.header.content_type=application/xml http.response.header.x_amzn_requestid=05f2626d-635b-4528-9e7b-885b1f4f31d8 @module=aws rpc.system.name=aws-api tf_aws.sdk=aws-sdk-go-v2 tf_mux_provider="*schema.GRPCProviderServer" tf_resource_type=aws_db_subnet_group tf_rpc=ReadResource
  http.response.body=
  | <DescribeDBSubnetGroupsResponse xmlns="http://rds.amazonaws.com/doc/2014-10-31/"><DescribeDBSubnetGroupsResult><DBSubnetGroups><DBSubnetGroup><DBSubnetGroupName>curso-db-tf</DBSubnetGroupName><DBSubnetGroupDescription>Managed by Terraform</DBSubnetGroupDescription><VpcId>vpc-2348b1b1</VpcId><SubnetGroupStatus>Complete</SubnetGroupStatus><DBSubnetGroupArn>arn:aws:rds:us-east-1:000000000000:subgrp:curso-db-tf</DBSubnetGroupArn><Subnets><Subnet><SubnetIdentifier>subnet-e4686fb6</SubnetIdentifier><SubnetAvailabilityZone><Name>us-east-1a</Name></SubnetAvailabilityZone><SubnetStatus>Active</SubnetStatus></Subnet><Subnet><SubnetIdentifier>subnet-97d81388</SubnetIdentifier><SubnetAvailabilityZone><Name>us-east-1b</Name></SubnetAvailabilityZone><SubnetStatus>Active</SubnetStatus></Subnet></Subnets></DBSubnetGroup></DBSubnetGroups><Marker></Marker></DescribeDBSubnetGroupsResult><ResponseMetadata><RequestId>a19d456f-b1e3-4ff8-8f09-df9473afeba6</RequestId></ResponseMetadata></DescribeDBSubnetGroupsResponse>
   http.response.header.date="Mon, 10 Aug 2026 05:12:41 GMT" http.response.header.x_amz_id_2=05f2626d-635b-4528-9e7b-885b1f4f31d8 rpc.method=RDS/DescribeDBSubnetGroups tf_aws.signing_region="" tf_provider_addr=registry.terraform.io/hashicorp/aws tf_req_id=c374b03d-cc36-2f17-f947-ada642d7a4ab http.response.header.x_amz_request_id=05f2626d-635b-4528-9e7b-885b1f4f31d8 http.response_content_length=1010 http.status_code=200 timestamp=2026-08-10T00:12:41.035-0500
2026-08-10T00:12:41.035-0500 [DEBUG] provider.terraform-provider-aws_v6.58.0_x5.exe: setting endpoint: rpc.system.name=aws-api tf_rpc=ReadResource @module=aws aws.region=us-east-1 tf_mux_provider="*schema.GRPCProviderServer" tf_aws.endpoint="map[Headers:<nil> Properties:map[] URI:map[ForceQuery:false Fragment: Host: OmitHost:false Opaque: Path: RawFragment: RawPath: RawQuery: Scheme: User:<nil>]]" tf_provider_addr=registry.terraform.io/hashicorp/aws rpc.method=RDS/ListTagsForResource tf_aws.sdk=aws-sdk-go-v2 tf_req_id=c374b03d-cc36-2f17-f947-ada642d7a4ab tf_resource_type=aws_db_subnet_group @caller=github.com/hashicorp/terraform-provider-aws/internal/service/rds/service_endpoint_resolver_gen.go:39 timestamp=2026-08-10T00:12:41.035-0500
2026-08-10T00:12:41.035-0500 [DEBUG] provider.terraform-provider-aws_v6.58.0_x5.exe: HTTP Request Sent: @caller=github.com/hashicorp/aws-sdk-go-base/v2@v2.0.0-beta.73/logging/tf_logger.go:45 http.request.header.authorization="AWS4-HMAC-SHA256 Credential=test/20260810/us-east-1/rds/aws4_request, SignedHeaders=amz-sdk-invocation-id;amz-sdk-request;content-length;content-type;host;x-amz-date, Signature=*****" tf_aws.signing_region="" tf_mux_provider="*schema.GRPCProviderServer" tf_resource_type=aws_db_subnet_group http.request_content_length=124 @module=aws http.request.header.amz_sdk_invocation_id=fdab1cb7-65d7-4b9e-920d-c52375ba3076 http.request.header.content_type=application/x-www-form-urlencoded http.request.header.x_amz_date=20260810T051241Z tf_rpc=ReadResource
  http.request.body=
  | Action=ListTagsForResource&ResourceName=arn%3Aaws%3Ards%3Aus-east-1%3A000000000000%3Asubgrp%3Acurso-db-tf&Version=2014-10-31
   http.url=http://localhost:4566/ rpc.system.name=aws-api tf_aws.sdk=aws-sdk-go-v2 tf_provider_addr=registry.terraform.io/hashicorp/aws tf_req_id=c374b03d-cc36-2f17-f947-ada642d7a4ab aws.region=us-east-1 http.method=POST http.request.header.amz_sdk_request="attempt=1; max=25" http.user_agent="APN/1.0 HashiCorp/1.0 Terraform/1.15.7 (+https://www.terraform.io) terraform-provider-aws/6.58.0 (+https://registry.terraform.io/providers/hashicorp/aws) aws-sdk-go-v2/1.43.2 ua/2.1 os/windows lang/go#1.26.5 md/GOOS#windows md/GOARCH#amd64 api/rds#1.123.2 m/e" net.peer.name=localhost net.peer.port=4566 rpc.method=RDS/ListTagsForResource timestamp=2026-08-10T00:12:41.035-0500
2026-08-10T00:12:41.036-0500 [WARN]  Provider "registry.terraform.io/hashicorp/aws" produced an invalid plan for aws_route_table_association.pub1, but we are tolerating it because it is using the legacy plugin SDK.
    The following problems may be the cause of any confusing errors from downstream operations:
      - .gateway_id: planned value cty.StringVal("") for a non-computed attribute
2026-08-10T00:12:41.038-0500 [DEBUG] provider.terraform-provider-aws_v6.58.0_x5.exe: HTTP Response Received: @caller=github.com/hashicorp/aws-sdk-go-base/v2@v2.0.0-beta.73/logging/tf_logger.go:45 aws.region=us-east-1 http.duration=44 http.response.header.content_type=application/xml http.response.header.date="Mon, 10 Aug 2026 05:12:41 GMT" http.response.header.x_amz_id_2=cf78d726-f2c2-4e82-9801-cb3c9cc349be tf_aws.signing_region=""
  http.response.body=
  | <DescribeRouteTablesResponse xmlns="http://ec2.amazonaws.com/doc/2016-11-15/"><requestId>d052bc6b-d1d8-42b7-91e2-420e97e82bba</requestId><routeTableSet><item><routeTableId>rtb-bbfb0122</routeTableId><vpcId>vpc-2348b1b1</vpcId><ownerId>000000000000</ownerId><routeSet><item><destinationCidrBlock>10.0.0.0/16</destinationCidrBlock><gatewayId>local</gatewayId><state>active</state><origin>CreateRouteTable</origin></item><item><destinationCidrBlock>0.0.0.0/0</destinationCidrBlock><gatewayId>igw-6d7fde71</gatewayId><state>active</state><origin>CreateRoute</origin></item></routeSet><associationSet><item><routeTableAssociationId>rtbassoc-9af1e274</routeTableAssociationId><routeTableId>rtb-bbfb0122</routeTableId><subnetId>subnet-79c74029</subnetId><main>false</main><associationState><state>associated</state></associationState></item><item><routeTableAssociationId>rtbassoc-67e9ea01</routeTableAssociationId><routeTableId>rtb-bbfb0122</routeTableId><subnetId>subnet-d76c71a8</subnetId><main>false</main><associationState><state>associated</state></associationState></item></associationSet><tagSet><item><key>Name</key><value>curso-rt-public</value></item></tagSet></item></routeTableSet></DescribeRouteTablesResponse>
   http.response.header.x_amz_request_id=cf78d726-f2c2-4e82-9801-cb3c9cc349be rpc.method=EC2/DescribeRouteTables rpc.system.name=aws-api tf_aws.sdk=aws-sdk-go-v2 tf_mux_provider="*schema.GRPCProviderServer" @module=aws http.response.header.x_amzn_requestid=cf78d726-f2c2-4e82-9801-cb3c9cc349be http.response_content_length=1217 http.status_code=200 tf_req_id=4be3e940-71c5-c551-35e5-a2804ecdfb36 tf_provider_addr=registry.terraform.io/hashicorp/aws tf_resource_type=aws_route_table_association tf_rpc=ReadResource timestamp=2026-08-10T00:12:41.038-0500
2026-08-10T00:12:41.040-0500 [WARN]  Provider "registry.terraform.io/hashicorp/aws" produced an invalid plan for aws_route_table_association.pub2, but we are tolerating it because it is using the legacy plugin SDK.
    The following problems may be the cause of any confusing errors from downstream operations:
      - .gateway_id: planned value cty.StringVal("") for a non-computed attribute
2026-08-10T00:12:41.042-0500 [DEBUG] provider.terraform-provider-aws_v6.58.0_x5.exe: HTTP Response Received: @caller=github.com/hashicorp/aws-sdk-go-base/v2@v2.0.0-beta.73/logging/tf_logger.go:45 http.response.header.x_amz_id_2=05abca55-b19f-49d2-b11b-293cdd69bd68 http.response.header.x_amz_request_id=05abca55-b19f-49d2-b11b-293cdd69bd68 http.response.header.x_amzn_requestid=05abca55-b19f-49d2-b11b-293cdd69bd68 rpc.method="Elastic Load Balancing v2/DescribeLoadBalancers" rpc.system.name=aws-api @module=aws aws.region=us-east-1 http.response.header.date="Mon, 10 Aug 2026 05:12:41 GMT" http.status_code=200 tf_aws.signing_region="" tf_mux_provider="*schema.GRPCProviderServer" tf_rpc=ReadResource http.duration=46 http.response.header.content_type=application/xml tf_aws.sdk=aws-sdk-go-v2 tf_req_id=4a6feffd-3337-f306-62f7-39b55225f300 tf_resource_type=aws_lb
  http.response.body=
  | <DescribeLoadBalancersResponse xmlns="https://elasticloadbalancing.amazonaws.com/doc/2015-12-01/"><DescribeLoadBalancersResult><LoadBalancers><member><LoadBalancerArn>arn:aws:elasticloadbalancing:us-east-1:000000000000:loadbalancer/app/curso-alb-tf/0be17ff83c3e4e05</LoadBalancerArn><DNSName>curso-alb-tf-0be17ff83c3e4e05.elb.localhost.floci.io</DNSName><CanonicalHostedZoneId>Z35SXDOTRQ7X7K</CanonicalHostedZoneId><CreatedTime>2026-08-10T05:06:37.841Z</CreatedTime><LoadBalancerName>curso-alb-tf</LoadBalancerName><Scheme>internet-facing</Scheme><VpcId>vpc-2348b1b1</VpcId><State><Code>active</Code></State><Type>application</Type><AvailabilityZones><member><SubnetId>subnet-d76c71a8</SubnetId><ZoneName>us-east-1a</ZoneName></member><member><SubnetId>subnet-79c74029</SubnetId><ZoneName>us-east-1b</ZoneName></member></AvailabilityZones><SecurityGroups><member>sg-00ce1127ca5c2d563</member></SecurityGroups><IpAddressType>ipv4</IpAddressType></member></LoadBalancers><NextMarker></NextMarker></DescribeLoadBalancersResult><ResponseMetadata><RequestId>f24254c0-82fc-44e5-971e-b5b82b89a8d6</RequestId></ResponseMetadata></DescribeLoadBalancersResponse>
   http.response_content_length=1152 tf_provider_addr=registry.terraform.io/hashicorp/aws timestamp=2026-08-10T00:12:41.042-0500
2026-08-10T00:12:41.043-0500 [DEBUG] provider.terraform-provider-aws_v6.58.0_x5.exe: HTTP Response Received: tf_resource_type=aws_instance http.response.header.date="Mon, 10 Aug 2026 05:12:41 GMT" http.response.header.x_amz_request_id=b4d8648b-cea8-4d74-9588-cbad8760b007 http.response.header.x_amzn_requestid=b4d8648b-cea8-4d74-9588-cbad8760b007 rpc.system.name=aws-api tf_aws.sdk=aws-sdk-go-v2 @caller=github.com/hashicorp/aws-sdk-go-base/v2@v2.0.0-beta.73/logging/tf_logger.go:45 aws.region=us-east-1 http.response.header.x_amz_id_2=b4d8648b-cea8-4d74-9588-cbad8760b007 rpc.method=EC2/DescribeInstances tf_provider_addr=registry.terraform.io/hashicorp/aws tf_req_id=e08ccd59-24ab-aaea-218c-f10f1d748627
  http.response.body=
  | <DescribeInstancesResponse xmlns="http://ec2.amazonaws.com/doc/2016-11-15/"><requestId>b416cced-cf9c-489f-80a3-1a259cc0cbbd</requestId><reservationSet><item><reservationId>r-5a4509f658c200a42</reservationId><ownerId>000000000000</ownerId><groupSet></groupSet><instancesSet><item><instanceId>i-8f1c72f9929940f76</instanceId><imageId>ami-0c02fb55956c7d316</imageId><instanceState><code>16</code><name>running</name></instanceState><privateDnsName>ip-172-18-0-13.ec2.internal</privateDnsName><dnsName>localhost</dnsName><amiLaunchIndex>0</amiLaunchIndex><instanceType>t3.micro</instanceType><launchTime>2026-08-10T05:06:37.705Z</launchTime><placement><availabilityZone>us-east-1b</availabilityZone><tenancy>default</tenancy></placement><monitoring><state>disabled</state></monitoring><subnetId>subnet-79c74029</subnetId><vpcId>vpc-2348b1b1</vpcId><privateIpAddress>172.18.0.13</privateIpAddress><ipAddress>127.0.0.1</ipAddress><sourceDestCheck>true</sourceDestCheck><groupSet><item><groupId>sg-c95eee0cd4d1626dc</groupId><groupName>curso-web-tf</groupName></item></groupSet><architecture>x86_64</architecture><rootDeviceType>ebs</rootDeviceType><rootDeviceName>/dev/xvda</rootDeviceName><virtualizationType>hvm</virtualizationType><hypervisor>xen</hypervisor><ebsOptimized>false</ebsOptimized><enaSupport>true</enaSupport><networkInterfaceSet><item><networkInterfaceId>eni-b4cacb9317e23fc4a</networkInterfaceId><subnetId>subnet-79c74029</subnetId><vpcId>vpc-2348b1b1</vpcId><ownerId>000000000000</ownerId><status>in-use</status><privateIpAddress>172.18.0.13</privateIpAddress><privateDnsName>ip-172-18-0-13.ec2.internal</privateDnsName><sourceDestCheck>true</sourceDestCheck><groupSet><item><groupId>sg-c95eee0cd4d1626dc</groupId><groupName>curso-web-tf</groupName></item></groupSet><attachment><attachmentId>eni-attach-60f2f3602ad67574d</attachmentId><deviceIndex>0</deviceIndex><status>attached</status><attachTime>2026-08-10T05:06:37.705Z</attachTime><deleteOnTermination>true</deleteOnTermination></attachment><privateIpAddressesSet><item><privateIpAddress>172.18.0.13</privateIpAddress><privateDnsName>ip-172-18-0-13.ec2.internal</privateDnsName><primary>true</primary></item></privateIpAddressesSet></item></networkInterfaceSet><clientToken>terraform-XWlYXHp2Uo5HgPe7Jq6ZsSq75W</clientToken><cpuOptions><coreCount>1</coreCount><threadsPerCore>1</threadsPerCore></cpuOptions><metadataOptions><state>applied</state><httpTokens>optional</httpTokens><httpPutResponseHopLimit>1</httpPutResponseHopLimit><httpEndpoint>enabled</httpEndpoint><httpProtocolIpv6>disabled</httpProtocolIpv6><instanceMetadataTags>disabled</instanceMetadataTags></metadataOptions><maintenanceOptions><autoRecovery>default</autoRecovery></maintenanceOptions><enclaveOptions><enabled>false</enabled></enclaveOptions><hibernationOptions><configured>false</configured></hibernationOptions><privateDnsNameOptions><hostnameType>ip-name</hostnameType><enableResourceNameDnsARecord>false</enableResourceNameDnsARecord><enableResourceNameDnsAAAARecord>false</enableResourceNameDnsAAAARecord></privateDnsNameOptions><capacityReservationSpecification><capacityReservationPreference>open</capacityReservationPreference></capacityReservationSpecification><blockDeviceMapping><item><deviceName>/dev/xvda</deviceName><ebs><volumeId>vol-533f446a48b27fabc</volumeId><status>attached</status><deleteOnTermination>true</deleteOnTermination><attachTime>2026-08-10T05:06:37.705Z</attachTime></ebs></item></blockDeviceMapping><tagSet><item><key>Name</key><value>curso-web-2</value></item></tagSet></item></instancesSet></item></reservationSet></DescribeInstancesResponse>
   http.response.header.content_type=application/xml http.response_content_length=3622 http.status_code=200 tf_aws.signing_region="" tf_rpc=ReadResource @module=aws http.duration=43 tf_mux_provider="*schema.GRPCProviderServer" timestamp=2026-08-10T00:12:41.042-0500
2026-08-10T00:12:41.043-0500 [DEBUG] provider.terraform-provider-aws_v6.58.0_x5.exe: setting endpoint: tf_mux_provider="*schema.GRPCProviderServer" tf_rpc=ReadResource @caller=github.com/hashicorp/terraform-provider-aws/internal/service/elbv2/service_endpoint_resolver_gen.go:39 tf_req_id=4a6feffd-3337-f306-62f7-39b55225f300 tf_resource_type=aws_lb rpc.method="Elastic Load Balancing v2/DescribeLoadBalancerAttributes" rpc.system.name=aws-api tf_aws.endpoint="map[Headers:<nil> Properties:map[] URI:map[ForceQuery:false Fragment: Host: OmitHost:false Opaque: Path: RawFragment: RawPath: RawQuery: Scheme: User:<nil>]]" tf_aws.sdk=aws-sdk-go-v2 tf_provider_addr=registry.terraform.io/hashicorp/aws @module=aws aws.region=us-east-1 timestamp=2026-08-10T00:12:41.043-0500
2026-08-10T00:12:41.043-0500 [DEBUG] provider.terraform-provider-aws_v6.58.0_x5.exe: setting endpoint: tf_req_id=e08ccd59-24ab-aaea-218c-f10f1d748627 tf_resource_type=aws_instance tf_aws.sdk=aws-sdk-go-v2 tf_provider_addr=registry.terraform.io/hashicorp/aws @caller=github.com/hashicorp/terraform-provider-aws/internal/service/ec2/service_endpoint_resolver_gen.go:39 @module=aws aws.region=us-east-1 rpc.system.name=aws-api tf_rpc=ReadResource rpc.method=EC2/DescribeInstanceTypes tf_aws.endpoint="map[Headers:<nil> Properties:map[] URI:map[ForceQuery:false Fragment: Host: OmitHost:false Opaque: Path: RawFragment: RawPath: RawQuery: Scheme: User:<nil>]]" tf_mux_provider="*schema.GRPCProviderServer" timestamp=2026-08-10T00:12:41.043-0500
2026-08-10T00:12:41.043-0500 [DEBUG] provider.terraform-provider-aws_v6.58.0_x5.exe: HTTP Request Sent: aws.region=us-east-1 tf_rpc=ReadResource http.request.header.x_amz_date=20260810T051241Z http.request.header.amz_sdk_request="attempt=1; max=25" http.request.header.authorization="AWS4-HMAC-SHA256 Credential=test/20260810/us-east-1/elasticloadbalancing/aws4_request, SignedHeaders=amz-sdk-invocation-id;amz-sdk-request;content-length;content-type;host;x-amz-date, Signature=*****" net.peer.name=localhost net.peer.port=4566 rpc.method="Elastic Load Balancing v2/DescribeLoadBalancerAttributes" tf_mux_provider="*schema.GRPCProviderServer" http.request_content_length=187 http.user_agent="APN/1.0 HashiCorp/1.0 Terraform/1.15.7 (+https://www.terraform.io) terraform-provider-aws/6.58.0 (+https://registry.terraform.io/providers/hashicorp/aws) aws-sdk-go-v2/1.43.2 ua/2.1 os/windows lang/go#1.26.5 md/GOOS#windows md/GOARCH#amd64 api/elasticloadbalancingv2#1.58.3 m/e" rpc.system.name=aws-api tf_aws.sdk=aws-sdk-go-v2 tf_provider_addr=registry.terraform.io/hashicorp/aws tf_req_id=4a6feffd-3337-f306-62f7-39b55225f300 tf_resource_type=aws_lb @module=aws http.method=POST
  http.request.body=
  | Action=DescribeLoadBalancerAttributes&LoadBalancerArn=arn%3Aaws%3Aelasticloadbalancing%3Aus-east-1%3A000000000000%3Aloadbalancer%2Fapp%2Fcurso-alb-tf%2F0be17ff83c3e4e05&Version=2015-12-01
   http.request.header.amz_sdk_invocation_id=008f1864-2cab-4ca0-a69a-4bf1b4f86a0b http.request.header.content_type=application/x-www-form-urlencoded http.url=http://localhost:4566/ tf_aws.signing_region="" @caller=github.com/hashicorp/aws-sdk-go-base/v2@v2.0.0-beta.73/logging/tf_logger.go:45 timestamp=2026-08-10T00:12:41.043-0500
2026-08-10T00:12:41.043-0500 [DEBUG] provider.terraform-provider-aws_v6.58.0_x5.exe: HTTP Request Sent: http.method=POST http.request.header.amz_sdk_invocation_id=5cea4911-5198-4bb8-b313-1f2430b4933a http.request.header.authorization="AWS4-HMAC-SHA256 Credential=test/20260810/us-east-1/ec2/aws4_request, SignedHeaders=amz-sdk-invocation-id;amz-sdk-request;content-length;content-type;host;x-amz-date, Signature=*****" http.request_content_length=71 tf_aws.sdk=aws-sdk-go-v2 tf_aws.signing_region="" tf_resource_type=aws_instance aws.region=us-east-1 http.request.header.amz_sdk_request="attempt=1; max=25" http.request.header.content_type=application/x-www-form-urlencoded @caller=github.com/hashicorp/aws-sdk-go-base/v2@v2.0.0-beta.73/logging/tf_logger.go:45 http.request.header.x_amz_date=20260810T051241Z net.peer.name=localhost net.peer.port=4566 rpc.system.name=aws-api tf_provider_addr=registry.terraform.io/hashicorp/aws tf_req_id=e08ccd59-24ab-aaea-218c-f10f1d748627 @module=aws
  http.request.body=
  | Action=DescribeInstanceTypes&InstanceType.1=t3.micro&Version=2016-11-15
   http.url=http://localhost:4566/ http.user_agent="APN/1.0 HashiCorp/1.0 Terraform/1.15.7 (+https://www.terraform.io) terraform-provider-aws/6.58.0 (+https://registry.terraform.io/providers/hashicorp/aws) aws-sdk-go-v2/1.43.2 ua/2.1 os/windows lang/go#1.26.5 md/GOOS#windows md/GOARCH#amd64 api/ec2#1.318.0 m/C,e" rpc.method=EC2/DescribeInstanceTypes tf_mux_provider="*schema.GRPCProviderServer" tf_rpc=ReadResource timestamp=2026-08-10T00:12:41.043-0500
2026-08-10T00:12:41.047-0500 [DEBUG] provider.terraform-provider-aws_v6.58.0_x5.exe: HTTP Response Received: http.response.header.content_type=application/xml http.response.header.date="Mon, 10 Aug 2026 05:12:41 GMT" http.response.header.x_amz_id_2=ddc4742a-f20f-476f-b745-96fb18a4d930 http.response_content_length=3622 http.status_code=200 tf_provider_addr=registry.terraform.io/hashicorp/aws @caller=github.com/hashicorp/aws-sdk-go-base/v2@v2.0.0-beta.73/logging/tf_logger.go:45 http.response.header.x_amzn_requestid=ddc4742a-f20f-476f-b745-96fb18a4d930 rpc.system.name=aws-api tf_aws.sdk=aws-sdk-go-v2
  http.response.body=
  | <DescribeInstancesResponse xmlns="http://ec2.amazonaws.com/doc/2016-11-15/"><requestId>bad0e16e-163d-4887-9d2c-d7e970620ed4</requestId><reservationSet><item><reservationId>r-bd7f64d7a1604cb6b</reservationId><ownerId>000000000000</ownerId><groupSet></groupSet><instancesSet><item><instanceId>i-7b80c4ed9b4b302a8</instanceId><imageId>ami-0c02fb55956c7d316</imageId><instanceState><code>16</code><name>running</name></instanceState><privateDnsName>ip-172-18-0-14.ec2.internal</privateDnsName><dnsName>localhost</dnsName><amiLaunchIndex>0</amiLaunchIndex><instanceType>t3.micro</instanceType><launchTime>2026-08-10T05:06:37.793Z</launchTime><placement><availabilityZone>us-east-1a</availabilityZone><tenancy>default</tenancy></placement><monitoring><state>disabled</state></monitoring><subnetId>subnet-d76c71a8</subnetId><vpcId>vpc-2348b1b1</vpcId><privateIpAddress>172.18.0.14</privateIpAddress><ipAddress>127.0.0.1</ipAddress><sourceDestCheck>true</sourceDestCheck><groupSet><item><groupId>sg-c95eee0cd4d1626dc</groupId><groupName>curso-web-tf</groupName></item></groupSet><architecture>x86_64</architecture><rootDeviceType>ebs</rootDeviceType><rootDeviceName>/dev/xvda</rootDeviceName><virtualizationType>hvm</virtualizationType><hypervisor>xen</hypervisor><ebsOptimized>false</ebsOptimized><enaSupport>true</enaSupport><networkInterfaceSet><item><networkInterfaceId>eni-a34bcd6683e0ad87a</networkInterfaceId><subnetId>subnet-d76c71a8</subnetId><vpcId>vpc-2348b1b1</vpcId><ownerId>000000000000</ownerId><status>in-use</status><privateIpAddress>172.18.0.14</privateIpAddress><privateDnsName>ip-172-18-0-14.ec2.internal</privateDnsName><sourceDestCheck>true</sourceDestCheck><groupSet><item><groupId>sg-c95eee0cd4d1626dc</groupId><groupName>curso-web-tf</groupName></item></groupSet><attachment><attachmentId>eni-attach-a963cfbab7e38d470</attachmentId><deviceIndex>0</deviceIndex><status>attached</status><attachTime>2026-08-10T05:06:37.793Z</attachTime><deleteOnTermination>true</deleteOnTermination></attachment><privateIpAddressesSet><item><privateIpAddress>172.18.0.14</privateIpAddress><privateDnsName>ip-172-18-0-14.ec2.internal</privateDnsName><primary>true</primary></item></privateIpAddressesSet></item></networkInterfaceSet><clientToken>terraform-IqC9GRsVb1MxSkoE1oh61MOyan</clientToken><cpuOptions><coreCount>1</coreCount><threadsPerCore>1</threadsPerCore></cpuOptions><metadataOptions><state>applied</state><httpTokens>optional</httpTokens><httpPutResponseHopLimit>1</httpPutResponseHopLimit><httpEndpoint>enabled</httpEndpoint><httpProtocolIpv6>disabled</httpProtocolIpv6><instanceMetadataTags>disabled</instanceMetadataTags></metadataOptions><maintenanceOptions><autoRecovery>default</autoRecovery></maintenanceOptions><enclaveOptions><enabled>false</enabled></enclaveOptions><hibernationOptions><configured>false</configured></hibernationOptions><privateDnsNameOptions><hostnameType>ip-name</hostnameType><enableResourceNameDnsARecord>false</enableResourceNameDnsARecord><enableResourceNameDnsAAAARecord>false</enableResourceNameDnsAAAARecord></privateDnsNameOptions><capacityReservationSpecification><capacityReservationPreference>open</capacityReservationPreference></capacityReservationSpecification><blockDeviceMapping><item><deviceName>/dev/xvda</deviceName><ebs><volumeId>vol-048e9b3d109ba5236</volumeId><status>attached</status><deleteOnTermination>true</deleteOnTermination><attachTime>2026-08-10T05:06:37.793Z</attachTime></ebs></item></blockDeviceMapping><tagSet><item><key>Name</key><value>curso-web-1</value></item></tagSet></item></instancesSet></item></reservationSet></DescribeInstancesResponse>
   http.response.header.x_amz_request_id=ddc4742a-f20f-476f-b745-96fb18a4d930 rpc.method=EC2/DescribeInstances tf_mux_provider="*schema.GRPCProviderServer" tf_req_id=022d81b2-4025-3723-bfd4-05e115ecf5ef tf_resource_type=aws_instance tf_rpc=ReadResource @module=aws aws.region=us-east-1 http.duration=47 tf_aws.signing_region="" timestamp=2026-08-10T00:12:41.047-0500
2026-08-10T00:12:41.047-0500 [DEBUG] provider.terraform-provider-aws_v6.58.0_x5.exe: setting endpoint: aws.region=us-east-1 tf_aws.sdk=aws-sdk-go-v2 tf_mux_provider="*schema.GRPCProviderServer" rpc.method=EC2/DescribeInstanceTypes tf_resource_type=aws_instance tf_rpc=ReadResource tf_req_id=022d81b2-4025-3723-bfd4-05e115ecf5ef @caller=github.com/hashicorp/terraform-provider-aws/internal/service/ec2/service_endpoint_resolver_gen.go:39 rpc.system.name=aws-api tf_provider_addr=registry.terraform.io/hashicorp/aws @module=aws tf_aws.endpoint="map[Headers:<nil> Properties:map[] URI:map[ForceQuery:false Fragment: Host: OmitHost:false Opaque: Path: RawFragment: RawPath: RawQuery: Scheme: User:<nil>]]" timestamp=2026-08-10T00:12:41.047-0500
2026-08-10T00:12:41.047-0500 [DEBUG] provider.terraform-provider-aws_v6.58.0_x5.exe: HTTP Request Sent: http.request.header.amz_sdk_request="attempt=1; max=25" @caller=github.com/hashicorp/aws-sdk-go-base/v2@v2.0.0-beta.73/logging/tf_logger.go:45 aws.region=us-east-1 http.method=POST
  http.request.body=
  | Action=DescribeInstanceTypes&InstanceType.1=t3.micro&Version=2016-11-15
   http.request.header.x_amz_date=20260810T051241Z http.url=http://localhost:4566/ http.user_agent="APN/1.0 HashiCorp/1.0 Terraform/1.15.7 (+https://www.terraform.io) terraform-provider-aws/6.58.0 (+https://registry.terraform.io/providers/hashicorp/aws) aws-sdk-go-v2/1.43.2 ua/2.1 os/windows lang/go#1.26.5 md/GOOS#windows md/GOARCH#amd64 api/ec2#1.318.0 m/C,e" net.peer.name=localhost rpc.system.name=aws-api tf_aws.sdk=aws-sdk-go-v2 tf_rpc=ReadResource @module=aws http.request.header.amz_sdk_invocation_id=018658d8-ccf8-435c-8243-d3bf78096be4 rpc.method=EC2/DescribeInstanceTypes tf_aws.signing_region="" tf_mux_provider="*schema.GRPCProviderServer" tf_provider_addr=registry.terraform.io/hashicorp/aws tf_resource_type=aws_instance http.request.header.authorization="AWS4-HMAC-SHA256 Credential=test/20260810/us-east-1/ec2/aws4_request, SignedHeaders=amz-sdk-invocation-id;amz-sdk-request;content-length;content-type;host;x-amz-date, Signature=*****" http.request.header.content_type=application/x-www-form-urlencoded http.request_content_length=71 net.peer.port=4566 tf_req_id=022d81b2-4025-3723-bfd4-05e115ecf5ef timestamp=2026-08-10T00:12:41.047-0500
2026-08-10T00:12:41.067-0500 [DEBUG] provider.terraform-provider-aws_v6.58.0_x5.exe: HTTP Response Received: http.response.header.date="Mon, 10 Aug 2026 05:12:41 GMT" http.response_content_length=1217 tf_req_id=f7247104-5e5a-c0bf-5bd3-e6cb66d363d6 tf_resource_type=aws_route tf_rpc=ReadResource aws.region=us-east-1 http.response.header.x_amz_request_id=0c9f1b0d-ca84-4484-9374-e78213cb15ab rpc.system.name=aws-api tf_aws.signing_region="" tf_mux_provider="*schema.GRPCProviderServer" @caller=github.com/hashicorp/aws-sdk-go-base/v2@v2.0.0-beta.73/logging/tf_logger.go:45 @module=aws http.response.header.content_type=application/xml http.duration=45 http.response.header.x_amz_id_2=0c9f1b0d-ca84-4484-9374-e78213cb15ab http.response.header.x_amzn_requestid=0c9f1b0d-ca84-4484-9374-e78213cb15ab http.status_code=200 rpc.method=EC2/DescribeRouteTables tf_aws.sdk=aws-sdk-go-v2 tf_provider_addr=registry.terraform.io/hashicorp/aws
  http.response.body=
  | <DescribeRouteTablesResponse xmlns="http://ec2.amazonaws.com/doc/2016-11-15/"><requestId>8ab5f57f-e697-4a82-b326-e6ceb3cb3fc4</requestId><routeTableSet><item><routeTableId>rtb-bbfb0122</routeTableId><vpcId>vpc-2348b1b1</vpcId><ownerId>000000000000</ownerId><routeSet><item><destinationCidrBlock>10.0.0.0/16</destinationCidrBlock><gatewayId>local</gatewayId><state>active</state><origin>CreateRouteTable</origin></item><item><destinationCidrBlock>0.0.0.0/0</destinationCidrBlock><gatewayId>igw-6d7fde71</gatewayId><state>active</state><origin>CreateRoute</origin></item></routeSet><associationSet><item><routeTableAssociationId>rtbassoc-9af1e274</routeTableAssociationId><routeTableId>rtb-bbfb0122</routeTableId><subnetId>subnet-79c74029</subnetId><main>false</main><associationState><state>associated</state></associationState></item><item><routeTableAssociationId>rtbassoc-67e9ea01</routeTableAssociationId><routeTableId>rtb-bbfb0122</routeTableId><subnetId>subnet-d76c71a8</subnetId><main>false</main><associationState><state>associated</state></associationState></item></associationSet><tagSet><item><key>Name</key><value>curso-rt-public</value></item></tagSet></item></routeTableSet></DescribeRouteTablesResponse>
   timestamp=2026-08-10T00:12:41.067-0500
2026-08-10T00:12:41.069-0500 [WARN]  Provider "registry.terraform.io/hashicorp/aws" produced an invalid plan for aws_route.default, but we are tolerating it because it is using the legacy plugin SDK.
    The following problems may be the cause of any confusing errors from downstream operations:
      - .nat_gateway_id: planned value cty.StringVal("") for a non-computed attribute
      - .odb_network_arn: planned value cty.StringVal("") for a non-computed attribute
      - .transit_gateway_id: planned value cty.StringVal("") for a non-computed attribute
      - .carrier_gateway_id: planned value cty.StringVal("") for a non-computed attribute
      - .core_network_arn: planned value cty.StringVal("") for a non-computed attribute
      - .egress_only_gateway_id: planned value cty.StringVal("") for a non-computed attribute
      - .vpc_endpoint_id: planned value cty.StringVal("") for a non-computed attribute
      - .vpc_peering_connection_id: planned value cty.StringVal("") for a non-computed attribute
      - .destination_ipv6_cidr_block: planned value cty.StringVal("") for a non-computed attribute
      - .destination_prefix_list_id: planned value cty.StringVal("") for a non-computed attribute
      - .local_gateway_id: planned value cty.StringVal("") for a non-computed attribute
2026-08-10T00:12:41.074-0500 [DEBUG] provider.terraform-provider-aws_v6.58.0_x5.exe: HTTP Response Received: rpc.system.name=aws-api tf_aws.signing_region="" tf_req_id=6f2168f7-8db7-e7cf-da77-e407a0e0a3b2 http.response.header.x_amzn_requestid=f16158e1-8eee-4d18-8258-ba63782ba27e http.response.header.x_amz_request_id=f16158e1-8eee-4d18-8258-ba63782ba27e http.status_code=200 rpc.method="Elastic Load Balancing v2/DescribeTags" tf_aws.sdk=aws-sdk-go-v2 tf_mux_provider="*schema.GRPCProviderServer" tf_provider_addr=registry.terraform.io/hashicorp/aws tf_resource_type=aws_lb_target_group @caller=github.com/hashicorp/aws-sdk-go-base/v2@v2.0.0-beta.73/logging/tf_logger.go:45 tf_rpc=ReadResource http.response_content_length=437 @module=aws http.duration=43
  http.response.body=
  | <DescribeTagsResponse xmlns="https://elasticloadbalancing.amazonaws.com/doc/2015-12-01/"><DescribeTagsResult><TagDescriptions><member><ResourceArn>arn:aws:elasticloadbalancing:us-east-1:000000000000:targetgroup/curso-web-tg-tf/8792dc8617e84eaa</ResourceArn><Tags></Tags></member></TagDescriptions></DescribeTagsResult><ResponseMetadata><RequestId>f076c306-b2c4-4dc5-932c-2baba219d089</RequestId></ResponseMetadata></DescribeTagsResponse>
   http.response.header.content_type=application/xml http.response.header.date="Mon, 10 Aug 2026 05:12:41 GMT" http.response.header.x_amz_id_2=f16158e1-8eee-4d18-8258-ba63782ba27e aws.region=us-east-1 timestamp=2026-08-10T00:12:41.074-0500
2026-08-10T00:12:41.078-0500 [WARN]  Provider "registry.terraform.io/hashicorp/aws" produced an invalid plan for aws_lb_target_group.web, but we are tolerating it because it is using the legacy plugin SDK.
    The following problems may be the cause of any confusing errors from downstream operations:
      - .tags: planned value cty.MapValEmpty(cty.String) for a non-computed attribute
      - .lambda_multi_value_headers_enabled: planned value cty.False for a non-computed attribute
      - .proxy_protocol_v2: planned value cty.False for a non-computed attribute
      - .target_control_port: planned value cty.NumberIntVal(0) for a non-computed attribute
      - .deregistration_delay: planned value cty.StringVal("300") for a non-computed attribute
      - .slow_start: planned value cty.NumberIntVal(0) for a non-computed attribute
      - .target_type: planned value cty.StringVal("instance") for a non-computed attribute
      - .target_failover: block count in plan (1) disagrees with count in config (0)
      - .target_group_health: block count in plan (1) disagrees with count in config (0)
      - .target_health_state: block count in plan (1) disagrees with count in config (0)
      - .health_check: block count in plan (1) disagrees with count in config (0)
      - .stickiness: block count in plan (1) disagrees with count in config (0)
2026-08-10T00:12:41.079-0500 [DEBUG] provider.terraform-provider-aws_v6.58.0_x5.exe: HTTP Response Received: @module=aws http.response.header.date="Mon, 10 Aug 2026 05:12:41 GMT" tf_aws.signing_region="" tf_provider_addr=registry.terraform.io/hashicorp/aws tf_resource_type=aws_db_subnet_group
  http.response.body=
  | <ListTagsForResourceResponse xmlns="http://rds.amazonaws.com/doc/2014-10-31/"><ListTagsForResourceResult><TagList></TagList></ListTagsForResourceResult><ResponseMetadata><RequestId>19e86093-80af-44be-81de-cfc184895711</RequestId></ResponseMetadata></ListTagsForResourceResponse>
   http.response_content_length=278 http.status_code=200 tf_aws.sdk=aws-sdk-go-v2 tf_mux_provider="*schema.GRPCProviderServer" tf_req_id=c374b03d-cc36-2f17-f947-ada642d7a4ab tf_rpc=ReadResource aws.region=us-east-1 http.duration=43 http.response.header.content_type=application/xml @caller=github.com/hashicorp/aws-sdk-go-base/v2@v2.0.0-beta.73/logging/tf_logger.go:45 http.response.header.x_amz_id_2=8db567d4-1ad0-459e-9dfe-904da177a1ca http.response.header.x_amz_request_id=8db567d4-1ad0-459e-9dfe-904da177a1ca http.response.header.x_amzn_requestid=8db567d4-1ad0-459e-9dfe-904da177a1ca rpc.method=RDS/ListTagsForResource rpc.system.name=aws-api timestamp=2026-08-10T00:12:41.078-0500
2026-08-10T00:12:41.080-0500 [WARN]  Provider "registry.terraform.io/hashicorp/aws" produced an invalid plan for aws_db_subnet_group.main, but we are tolerating it because it is using the legacy plugin SDK.
    The following problems may be the cause of any confusing errors from downstream operations:
      - .description: planned value cty.StringVal("Managed by Terraform") for a non-computed attribute
      - .tags: planned value cty.MapValEmpty(cty.String) for a non-computed attribute
2026-08-10T00:12:41.080-0500 [DEBUG] ReferenceTransformer: "aws_db_instance.inventario" references: []
2026-08-10T00:12:41.080-0500 [DEBUG] ReferenceTransformer: "aws_db_instance.pedidos" references: []
2026-08-10T00:12:41.083-0500 [DEBUG] provider.terraform-provider-aws_v6.58.0_x5.exe: setting endpoint: @module=aws rpc.system.name=aws-api tf_aws.sdk=aws-sdk-go-v2 tf_mux_provider="*schema.GRPCProviderServer" tf_provider_addr=registry.terraform.io/hashicorp/aws aws.region=us-east-1 tf_aws.endpoint="map[Headers:<nil> Properties:map[] URI:map[ForceQuery:false Fragment: Host: OmitHost:false Opaque: Path: RawFragment: RawPath: RawQuery: Scheme: User:<nil>]]" rpc.method=RDS/DescribeDBInstances tf_req_id=4d659663-6736-1ffb-3989-e9ca0e947d09 tf_rpc=ReadResource tf_resource_type=aws_db_instance @caller=github.com/hashicorp/terraform-provider-aws/internal/service/rds/service_endpoint_resolver_gen.go:39 timestamp=2026-08-10T00:12:41.083-0500
2026-08-10T00:12:41.083-0500 [DEBUG] provider.terraform-provider-aws_v6.58.0_x5.exe: setting endpoint: @caller=github.com/hashicorp/terraform-provider-aws/internal/service/rds/service_endpoint_resolver_gen.go:39 tf_aws.sdk=aws-sdk-go-v2 @module=aws rpc.method=RDS/DescribeDBInstances tf_aws.endpoint="map[Headers:<nil> Properties:map[] URI:map[ForceQuery:false Fragment: Host: OmitHost:false Opaque: Path: RawFragment: RawPath: RawQuery: Scheme: User:<nil>]]" tf_mux_provider="*schema.GRPCProviderServer" tf_provider_addr=registry.terraform.io/hashicorp/aws tf_resource_type=aws_db_instance aws.region=us-east-1 rpc.system.name=aws-api tf_req_id=5e4dd127-96bc-20dd-5a7c-c73dcdf30517 tf_rpc=ReadResource timestamp=2026-08-10T00:12:41.083-0500
2026-08-10T00:12:41.083-0500 [DEBUG] provider.terraform-provider-aws_v6.58.0_x5.exe: HTTP Request Sent: http.method=POST
  http.request.body=
  | Action=DescribeDBInstances&Filters.Filter.1.Name=dbi-resource-id&Filters.Filter.1.Values.Value.1=db-4B196AD48A814D01BEA7766B&Version=2014-10-31
   http.request.header.amz_sdk_invocation_id=6fded90c-20e3-4561-905a-5f5caac92467 http.request.header.amz_sdk_request="attempt=1; max=25" http.request.header.authorization="AWS4-HMAC-SHA256 Credential=test/20260810/us-east-1/rds/aws4_request, SignedHeaders=amz-sdk-invocation-id;amz-sdk-request;content-length;content-type;host;x-amz-date, Signature=*****" http.url=http://localhost:4566/ tf_aws.signing_region="" tf_mux_provider="*schema.GRPCProviderServer" tf_resource_type=aws_db_instance tf_rpc=ReadResource http.request.header.content_type=application/x-www-form-urlencoded http.request.header.x_amz_date=20260810T051241Z http.user_agent="APN/1.0 HashiCorp/1.0 Terraform/1.15.7 (+https://www.terraform.io) terraform-provider-aws/6.58.0 (+https://registry.terraform.io/providers/hashicorp/aws) aws-sdk-go-v2/1.43.2 ua/2.1 os/windows lang/go#1.26.5 md/GOOS#windows md/GOARCH#amd64 api/rds#1.123.2 m/C,e" net.peer.port=4566 rpc.system.name=aws-api tf_provider_addr=registry.terraform.io/hashicorp/aws tf_req_id=5e4dd127-96bc-20dd-5a7c-c73dcdf30517 aws.region=us-east-1 http.request_content_length=143 net.peer.name=localhost rpc.method=RDS/DescribeDBInstances tf_aws.sdk=aws-sdk-go-v2 @caller=github.com/hashicorp/aws-sdk-go-base/v2@v2.0.0-beta.73/logging/tf_logger.go:45 @module=aws timestamp=2026-08-10T00:12:41.083-0500
2026-08-10T00:12:41.083-0500 [DEBUG] provider.terraform-provider-aws_v6.58.0_x5.exe: HTTP Request Sent: http.method=POST http.request.header.amz_sdk_invocation_id=3cb1c67d-dfb5-49d4-b00f-e4770ee68aca http.request.header.content_type=application/x-www-form-urlencoded http.request.header.x_amz_date=20260810T051241Z http.user_agent="APN/1.0 HashiCorp/1.0 Terraform/1.15.7 (+https://www.terraform.io) terraform-provider-aws/6.58.0 (+https://registry.terraform.io/providers/hashicorp/aws) aws-sdk-go-v2/1.43.2 ua/2.1 os/windows lang/go#1.26.5 md/GOOS#windows md/GOARCH#amd64 api/rds#1.123.2 m/C,e" net.peer.name=localhost @caller=github.com/hashicorp/aws-sdk-go-base/v2@v2.0.0-beta.73/logging/tf_logger.go:45
  http.request.body=
  | Action=DescribeDBInstances&Filters.Filter.1.Name=dbi-resource-id&Filters.Filter.1.Values.Value.1=db-33D6794DC72548C78BB27B45&Version=2014-10-31
   http.request.header.authorization="AWS4-HMAC-SHA256 Credential=test/20260810/us-east-1/rds/aws4_request, SignedHeaders=amz-sdk-invocation-id;amz-sdk-request;content-length;content-type;host;x-amz-date, Signature=*****" net.peer.port=4566 rpc.method=RDS/DescribeDBInstances tf_aws.sdk=aws-sdk-go-v2 tf_aws.signing_region="" tf_provider_addr=registry.terraform.io/hashicorp/aws http.request_content_length=143 @module=aws aws.region=us-east-1 http.url=http://localhost:4566/ tf_mux_provider="*schema.GRPCProviderServer" tf_req_id=4d659663-6736-1ffb-3989-e9ca0e947d09 tf_resource_type=aws_db_instance tf_rpc=ReadResource http.request.header.amz_sdk_request="attempt=1; max=25" rpc.system.name=aws-api timestamp=2026-08-10T00:12:41.083-0500
2026-08-10T00:12:41.087-0500 [DEBUG] provider.terraform-provider-aws_v6.58.0_x5.exe: HTTP Response Received: http.duration=43 http.response.header.content_type=application/xml rpc.method=EC2/DescribeInstanceTypes tf_aws.signing_region="" tf_resource_type=aws_instance http.response.header.x_amz_id_2=ff17e56c-91fa-45c1-a98f-47e17702c7a9 http.response.header.x_amz_request_id=ff17e56c-91fa-45c1-a98f-47e17702c7a9 http.response_content_length=559 http.status_code=200 rpc.system.name=aws-api tf_mux_provider="*schema.GRPCProviderServer" aws.region=us-east-1
  http.response.body=
  | <DescribeInstanceTypesResponse xmlns="http://ec2.amazonaws.com/doc/2016-11-15/"><requestId>d104602d-9ccb-42b6-926d-f5a9245e235c</requestId><instanceTypeSet><item><instanceType>t3.micro</instanceType><currentGeneration>true</currentGeneration><vCpuInfo><defaultVCpus>2</defaultVCpus></vCpuInfo><memoryInfo><sizeInMiB>1024</sizeInMiB></memoryInfo><instanceStorageSupported>false</instanceStorageSupported><processorInfo><supportedArchitectures><item>x86_64</item></supportedArchitectures></processorInfo></item></instanceTypeSet></DescribeInstanceTypesResponse>
   http.response.header.date="Mon, 10 Aug 2026 05:12:41 GMT" tf_aws.sdk=aws-sdk-go-v2 tf_provider_addr=registry.terraform.io/hashicorp/aws @caller=github.com/hashicorp/aws-sdk-go-base/v2@v2.0.0-beta.73/logging/tf_logger.go:45 http.response.header.x_amzn_requestid=ff17e56c-91fa-45c1-a98f-47e17702c7a9 tf_req_id=e08ccd59-24ab-aaea-218c-f10f1d748627 tf_rpc=ReadResource @module=aws timestamp=2026-08-10T00:12:41.087-0500
2026-08-10T00:12:41.087-0500 [DEBUG] provider.terraform-provider-aws_v6.58.0_x5.exe: HTTP Response Received: tf_resource_type=aws_lb tf_rpc=ReadResource http.duration=43 http.response.header.content_type=application/xml http.response.header.x_amz_id_2=c587eba0-9f31-4695-a05b-1586fa07080f http.response_content_length=1544 rpc.method="Elastic Load Balancing v2/DescribeLoadBalancerAttributes" tf_aws.signing_region="" http.response.header.x_amzn_requestid=c587eba0-9f31-4695-a05b-1586fa07080f rpc.system.name=aws-api tf_aws.sdk=aws-sdk-go-v2 tf_mux_provider="*schema.GRPCProviderServer" http.response.header.date="Mon, 10 Aug 2026 05:12:41 GMT" http.status_code=200 tf_provider_addr=registry.terraform.io/hashicorp/aws tf_req_id=4a6feffd-3337-f306-62f7-39b55225f300 @caller=github.com/hashicorp/aws-sdk-go-base/v2@v2.0.0-beta.73/logging/tf_logger.go:45 @module=aws aws.region=us-east-1
  http.response.body=
  | <DescribeLoadBalancerAttributesResponse xmlns="https://elasticloadbalancing.amazonaws.com/doc/2015-12-01/"><DescribeLoadBalancerAttributesResult><Attributes><member><Key>access_logs.s3.enabled</Key><Value>false</Value></member><member><Key>connection_logs.s3.enabled</Key><Value>false</Value></member><member><Key>health_check_logs.s3.enabled</Key><Value>false</Value></member><member><Key>idle_timeout.timeout_seconds</Key><Value>60</Value></member><member><Key>deletion_protection.enabled</Key><Value>false</Value></member><member><Key>routing.http2.enabled</Key><Value>true</Value></member><member><Key>routing.http.drop_invalid_header_fields.enabled</Key><Value>false</Value></member><member><Key>waf.fail_open.enabled</Key><Value>false</Value></member><member><Key>zonal_shift.config.enabled</Key><Value>false</Value></member><member><Key>routing.http.preserve_host_header.enabled</Key><Value>false</Value></member><member><Key>routing.http.xff_header_processing.mode</Key><Value>append</Value></member><member><Key>routing.http.desync_mitigation_mode</Key><Value>defensive</Value></member><member><Key>routing.http.x_amzn_tls_version_and_cipher_suite.enabled</Key><Value>false</Value></member><member><Key>client_keep_alive.seconds</Key><Value>3600</Value></member><member><Key>routing.http.xff_client_port.enabled</Key><Value>false</Value></member></Attributes></DescribeLoadBalancerAttributesResult><ResponseMetadata><RequestId>46fb91cd-9b5b-472c-98a5-37f4aaa97f00</RequestId></ResponseMetadata></DescribeLoadBalancerAttributesResponse>
   http.response.header.x_amz_request_id=c587eba0-9f31-4695-a05b-1586fa07080f timestamp=2026-08-10T00:12:41.087-0500
2026-08-10T00:12:41.087-0500 [DEBUG] provider.terraform-provider-aws_v6.58.0_x5.exe: setting endpoint: rpc.method=EC2/DescribeTags aws.region=us-east-1 rpc.system.name=aws-api tf_aws.endpoint="map[Headers:<nil> Properties:map[] URI:map[ForceQuery:false Fragment: Host: OmitHost:false Opaque: Path: RawFragment: RawPath: RawQuery: Scheme: User:<nil>]]" tf_aws.sdk=aws-sdk-go-v2 tf_provider_addr=registry.terraform.io/hashicorp/aws tf_resource_type=aws_instance tf_mux_provider="*schema.GRPCProviderServer" tf_req_id=e08ccd59-24ab-aaea-218c-f10f1d748627 tf_rpc=ReadResource @caller=github.com/hashicorp/terraform-provider-aws/internal/service/ec2/service_endpoint_resolver_gen.go:39 @module=aws timestamp=2026-08-10T00:12:41.087-0500
2026-08-10T00:12:41.087-0500 [DEBUG] provider.terraform-provider-aws_v6.58.0_x5.exe: setting endpoint: tf_aws.sdk=aws-sdk-go-v2 tf_resource_type=aws_lb @caller=github.com/hashicorp/terraform-provider-aws/internal/service/elbv2/service_endpoint_resolver_gen.go:39 rpc.method="Elastic Load Balancing v2/DescribeCapacityReservation" tf_aws.endpoint="map[Headers:<nil> Properties:map[] URI:map[ForceQuery:false Fragment: Host: OmitHost:false Opaque: Path: RawFragment: RawPath: RawQuery: Scheme: User:<nil>]]" tf_rpc=ReadResource rpc.system.name=aws-api @module=aws tf_mux_provider="*schema.GRPCProviderServer" tf_provider_addr=registry.terraform.io/hashicorp/aws tf_req_id=4a6feffd-3337-f306-62f7-39b55225f300 aws.region=us-east-1 timestamp=2026-08-10T00:12:41.087-0500
2026-08-10T00:12:41.087-0500 [DEBUG] provider.terraform-provider-aws_v6.58.0_x5.exe: HTTP Request Sent: @module=aws http.method=POST http.user_agent="APN/1.0 HashiCorp/1.0 Terraform/1.15.7 (+https://www.terraform.io) terraform-provider-aws/6.58.0 (+https://registry.terraform.io/providers/hashicorp/aws) aws-sdk-go-v2/1.43.2 ua/2.1 os/windows lang/go#1.26.5 md/GOOS#windows md/GOARCH#amd64 api/elasticloadbalancingv2#1.58.3 m/e" rpc.system.name=aws-api @caller=github.com/hashicorp/aws-sdk-go-base/v2@v2.0.0-beta.73/logging/tf_logger.go:45 aws.region=us-east-1 http.request.header.amz_sdk_request="attempt=1; max=25" http.request.header.authorization="AWS4-HMAC-SHA256 Credential=test/20260810/us-east-1/elasticloadbalancing/aws4_request, SignedHeaders=amz-sdk-invocation-id;amz-sdk-request;content-length;content-type;host;x-amz-date, Signature=*****" net.peer.port=4566 tf_aws.sdk=aws-sdk-go-v2 tf_mux_provider="*schema.GRPCProviderServer" tf_resource_type=aws_lb http.request.header.amz_sdk_invocation_id=f9275492-4fe0-46d4-8663-1ec8c8352b00 http.request.header.content_type=application/x-www-form-urlencoded http.request_content_length=184 http.url=http://localhost:4566/ rpc.method="Elastic Load Balancing v2/DescribeCapacityReservation" tf_aws.signing_region="" tf_provider_addr=registry.terraform.io/hashicorp/aws tf_rpc=ReadResource
  http.request.body=
  | Action=DescribeCapacityReservation&LoadBalancerArn=arn%3Aaws%3Aelasticloadbalancing%3Aus-east-1%3A000000000000%3Aloadbalancer%2Fapp%2Fcurso-alb-tf%2F0be17ff83c3e4e05&Version=2015-12-01
   http.request.header.x_amz_date=20260810T051241Z net.peer.name=localhost tf_req_id=4a6feffd-3337-f306-62f7-39b55225f300 timestamp=2026-08-10T00:12:41.087-0500
2026-08-10T00:12:41.087-0500 [DEBUG] provider.terraform-provider-aws_v6.58.0_x5.exe: HTTP Request Sent: http.user_agent="APN/1.0 HashiCorp/1.0 Terraform/1.15.7 (+https://www.terraform.io) terraform-provider-aws/6.58.0 (+https://registry.terraform.io/providers/hashicorp/aws) aws-sdk-go-v2/1.43.2 ua/2.1 os/windows lang/go#1.26.5 md/GOOS#windows md/GOARCH#amd64 api/ec2#1.318.0 m/e" net.peer.port=4566 rpc.system.name=aws-api @module=aws
  http.request.body=
  | Action=DescribeTags&Filter.1.Name=key&Filter.1.Value.1=aws%3Aec2launchtemplate%3Aid&Filter.2.Name=resource-id&Filter.2.Value.1=i-8f1c72f9929940f76&Version=2016-11-15
   http.request.header.amz_sdk_invocation_id=84e9e543-192d-43ac-b654-5b4f7b9a3fa7 http.url=http://localhost:4566/ tf_aws.sdk=aws-sdk-go-v2 tf_mux_provider="*schema.GRPCProviderServer" tf_provider_addr=registry.terraform.io/hashicorp/aws aws.region=us-east-1 http.method=POST http.request.header.amz_sdk_request="attempt=1; max=25" http.request.header.authorization="AWS4-HMAC-SHA256 Credential=test/20260810/us-east-1/ec2/aws4_request, SignedHeaders=amz-sdk-invocation-id;amz-sdk-request;content-length;content-type;host;x-amz-date, Signature=*****" http.request.header.x_amz_date=20260810T051241Z net.peer.name=localhost rpc.method=EC2/DescribeTags @caller=github.com/hashicorp/aws-sdk-go-base/v2@v2.0.0-beta.73/logging/tf_logger.go:45 http.request.header.content_type=application/x-www-form-urlencoded tf_aws.signing_region="" tf_req_id=e08ccd59-24ab-aaea-218c-f10f1d748627 tf_resource_type=aws_instance tf_rpc=ReadResource http.request_content_length=165 timestamp=2026-08-10T00:12:41.087-0500
2026-08-10T00:12:41.090-0500 [DEBUG] provider.terraform-provider-aws_v6.58.0_x5.exe: HTTP Response Received: tf_aws.signing_region="" @caller=github.com/hashicorp/aws-sdk-go-base/v2@v2.0.0-beta.73/logging/tf_logger.go:45
  http.response.body=
  | <DescribeInstanceTypesResponse xmlns="http://ec2.amazonaws.com/doc/2016-11-15/"><requestId>e69fd84f-5082-4864-afb4-195009f58799</requestId><instanceTypeSet><item><instanceType>t3.micro</instanceType><currentGeneration>true</currentGeneration><vCpuInfo><defaultVCpus>2</defaultVCpus></vCpuInfo><memoryInfo><sizeInMiB>1024</sizeInMiB></memoryInfo><instanceStorageSupported>false</instanceStorageSupported><processorInfo><supportedArchitectures><item>x86_64</item></supportedArchitectures></processorInfo></item></instanceTypeSet></DescribeInstanceTypesResponse>
   http.response.header.content_type=application/xml tf_aws.sdk=aws-sdk-go-v2 tf_mux_provider="*schema.GRPCProviderServer" tf_provider_addr=registry.terraform.io/hashicorp/aws http.response.header.x_amz_id_2=b976244a-e048-43fd-8cbd-f18862cad9e6 http.response.header.x_amzn_requestid=b976244a-e048-43fd-8cbd-f18862cad9e6 @module=aws http.response.header.date="Mon, 10 Aug 2026 05:12:41 GMT" http.status_code=200 rpc.method=EC2/DescribeInstanceTypes tf_req_id=022d81b2-4025-3723-bfd4-05e115ecf5ef tf_resource_type=aws_instance tf_rpc=ReadResource aws.region=us-east-1 http.duration=43 http.response.header.x_amz_request_id=b976244a-e048-43fd-8cbd-f18862cad9e6 http.response_content_length=559 rpc.system.name=aws-api timestamp=2026-08-10T00:12:41.090-0500
2026-08-10T00:12:41.091-0500 [DEBUG] provider.terraform-provider-aws_v6.58.0_x5.exe: setting endpoint: aws.region=us-east-1 rpc.system.name=aws-api @caller=github.com/hashicorp/terraform-provider-aws/internal/service/ec2/service_endpoint_resolver_gen.go:39 tf_aws.sdk=aws-sdk-go-v2 tf_resource_type=aws_instance @module=aws rpc.method=EC2/DescribeTags tf_aws.endpoint="map[Headers:<nil> Properties:map[] URI:map[ForceQuery:false Fragment: Host: OmitHost:false Opaque: Path: RawFragment: RawPath: RawQuery: Scheme: User:<nil>]]" tf_mux_provider="*schema.GRPCProviderServer" tf_provider_addr=registry.terraform.io/hashicorp/aws tf_req_id=022d81b2-4025-3723-bfd4-05e115ecf5ef tf_rpc=ReadResource timestamp=2026-08-10T00:12:41.090-0500
2026-08-10T00:12:41.091-0500 [DEBUG] provider.terraform-provider-aws_v6.58.0_x5.exe: HTTP Request Sent: tf_aws.sdk=aws-sdk-go-v2 tf_provider_addr=registry.terraform.io/hashicorp/aws tf_req_id=022d81b2-4025-3723-bfd4-05e115ecf5ef tf_resource_type=aws_instance http.request_content_length=165 net.peer.name=localhost tf_rpc=ReadResource @caller=github.com/hashicorp/aws-sdk-go-base/v2@v2.0.0-beta.73/logging/tf_logger.go:45 @module=aws http.request.header.amz_sdk_request="attempt=1; max=25" net.peer.port=4566 rpc.method=EC2/DescribeTags rpc.system.name=aws-api aws.region=us-east-1 http.method=POST http.request.header.amz_sdk_invocation_id=a42af261-e1e1-4bf6-8039-d6e24e26f11f http.request.header.x_amz_date=20260810T051241Z http.user_agent="APN/1.0 HashiCorp/1.0 Terraform/1.15.7 (+https://www.terraform.io) terraform-provider-aws/6.58.0 (+https://registry.terraform.io/providers/hashicorp/aws) aws-sdk-go-v2/1.43.2 ua/2.1 os/windows lang/go#1.26.5 md/GOOS#windows md/GOARCH#amd64 api/ec2#1.318.0 m/e" tf_aws.signing_region="" tf_mux_provider="*schema.GRPCProviderServer"
  http.request.body=
  | Action=DescribeTags&Filter.1.Name=key&Filter.1.Value.1=aws%3Aec2launchtemplate%3Aid&Filter.2.Name=resource-id&Filter.2.Value.1=i-7b80c4ed9b4b302a8&Version=2016-11-15
   http.request.header.authorization="AWS4-HMAC-SHA256 Credential=test/20260810/us-east-1/ec2/aws4_request, SignedHeaders=amz-sdk-invocation-id;amz-sdk-request;content-length;content-type;host;x-amz-date, Signature=*****" http.request.header.content_type=application/x-www-form-urlencoded http.url=http://localhost:4566/ timestamp=2026-08-10T00:12:41.091-0500
2026-08-10T00:12:41.127-0500 [DEBUG] provider.terraform-provider-aws_v6.58.0_x5.exe: HTTP Response Received: tf_rpc=ReadResource aws.region=us-east-1 rpc.method=RDS/DescribeDBInstances tf_req_id=5e4dd127-96bc-20dd-5a7c-c73dcdf30517 @caller=github.com/hashicorp/aws-sdk-go-base/v2@v2.0.0-beta.73/logging/tf_logger.go:45 @module=aws http.duration=43 http.response.header.content_type=application/xml http.response.header.date="Mon, 10 Aug 2026 05:12:41 GMT" http.response.header.x_amz_id_2=be7a0220-be18-4e73-9891-b0ae4372310c tf_aws.sdk=aws-sdk-go-v2
  http.response.body=
  | <DescribeDBInstancesResponse xmlns="http://rds.amazonaws.com/doc/2014-10-31/"><DescribeDBInstancesResult><DBInstances><DBInstance><DBInstanceIdentifier>db-pedidos</DBInstanceIdentifier><DBInstanceStatus>available</DBInstanceStatus><Engine>postgres</Engine><EngineVersion>16.3</EngineVersion><MasterUsername>admin</MasterUsername><DBInstanceClass>db.t3.micro</DBInstanceClass><AllocatedStorage>20</AllocatedStorage><Endpoint><Address>172.18.0.2</Address><Port>7001</Port></Endpoint><IAMDatabaseAuthenticationEnabled>false</IAMDatabaseAuthenticationEnabled><MultiAZ>false</MultiAZ><StorageType>gp2</StorageType><PubliclyAccessible>false</PubliclyAccessible><AvailabilityZone>us-east-1b</AvailabilityZone><PreferredMaintenanceWindow>mon:00:00-mon:03:00</PreferredMaintenanceWindow><PreferredBackupWindow>04:00-06:00</PreferredBackupWindow><VpcSecurityGroups><VpcSecurityGroupMembership><VpcSecurityGroupId>sg-00000000</VpcSecurityGroupId><Status>active</Status></VpcSecurityGroupMembership></VpcSecurityGroups><DBParameterGroups><DBParameterGroup><DBParameterGroupName>default.postgres16</DBParameterGroupName><ParameterApplyStatus>in-sync</ParameterApplyStatus></DBParameterGroup></DBParameterGroups><DBSubnetGroup><DBSubnetGroupName>curso-db-subnets</DBSubnetGroupName><DBSubnetGroupDescription>Subnets de base de datos del curso (2 AZ)</DBSubnetGroupDescription><VpcId>vpc-1ded7984</VpcId><SubnetGroupStatus>Complete</SubnetGroupStatus><DBSubnetGroupArn>arn:aws:rds:us-east-1:000000000000:subgrp:curso-db-subnets</DBSubnetGroupArn><Subnets><Subnet><SubnetIdentifier>subnet-e10aa0d8</SubnetIdentifier><SubnetAvailabilityZone><Name>us-east-1a</Name></SubnetAvailabilityZone><SubnetStatus>Active</SubnetStatus></Subnet><Subnet><SubnetIdentifier>subnet-80458377</SubnetIdentifier><SubnetAvailabilityZone><Name>us-east-1b</Name></SubnetAvailabilityZone><SubnetStatus>Active</SubnetStatus></Subnet></Subnets></DBSubnetGroup><DbiResourceId>db-7FC1BD7FF22D4082824C6572</DbiResourceId><DBInstanceArn>arn:aws:rds:us-east-1:000000000000:db:db-pedidos</DBInstanceArn><TagList></TagList></DBInstance><DBInstance><DBInstanceIdentifier>db-inventario-tf</DBInstanceIdentifier><DBInstanceStatus>available</DBInstanceStatus><Engine>mysql</Engine><EngineVersion></EngineVersion><MasterUsername>admin</MasterUsername><DBInstanceClass>db.t3.micro</DBInstanceClass><AllocatedStorage>20</AllocatedStorage><Endpoint><Address>172.18.0.2</Address><Port>7004</Port></Endpoint><IAMDatabaseAuthenticationEnabled>false</IAMDatabaseAuthenticationEnabled><MultiAZ>false</MultiAZ><StorageType>gp2</StorageType><PubliclyAccessible>false</PubliclyAccessible><AvailabilityZone>us-east-1a</AvailabilityZone><PreferredMaintenanceWindow>mon:00:00-mon:03:00</PreferredMaintenanceWindow><PreferredBackupWindow>04:00-06:00</PreferredBackupWindow><VpcSecurityGroups><VpcSecurityGroupMembership><VpcSecurityGroupId>sg-00000000</VpcSecurityGroupId><Status>active</Status></VpcSecurityGroupMembership></VpcSecurityGroups><DBParameterGroups><DBParameterGroup><DBParameterGroupName>default.mysql8</DBParameterGroupName><ParameterApplyStatus>in-sync</ParameterApplyStatus></DBParameterGroup></DBParameterGroups><DBSubnetGroup><DBSubnetGroupName>curso-db-tf</DBSubnetGroupName><DBSubnetGroupDescription>Managed by Terraform</DBSubnetGroupDescription><VpcId>vpc-2348b1b1</VpcId><SubnetGroupStatus>Complete</SubnetGroupStatus><DBSubnetGroupArn>arn:aws:rds:us-east-1:000000000000:subgrp:curso-db-tf</DBSubnetGroupArn><Subnets><Subnet><SubnetIdentifier>subnet-e4686fb6</SubnetIdentifier><SubnetAvailabilityZone><Name>us-east-1a</Name></SubnetAvailabilityZone><SubnetStatus>Active</SubnetStatus></Subnet><Subnet><SubnetIdentifier>subnet-97d81388</SubnetIdentifier><SubnetAvailabilityZone><Name>us-east-1b</Name></SubnetAvailabilityZone><SubnetStatus>Active</SubnetStatus></Subnet></Subnets></DBSubnetGroup><DbiResourceId>db-4B196AD48A814D01BEA7766B</DbiResourceId><DBInstanceArn>arn:aws:rds:us-east-1:000000000000:db:db-inventario-tf</DBInstanceArn><TagList></TagList></DBInstance><DBInstance><DBInstanceIdentifier>db-pedidos-tf</DBInstanceIdentifier><DBInstanceStatus>available</DBInstanceStatus><Engine>postgres</Engine><EngineVersion></EngineVersion><MasterUsername>admin</MasterUsername><DBInstanceClass>db.t3.micro</DBInstanceClass><AllocatedStorage>20</AllocatedStorage><Endpoint><Address>172.18.0.2</Address><Port>7003</Port></Endpoint><IAMDatabaseAuthenticationEnabled>false</IAMDatabaseAuthenticationEnabled><MultiAZ>false</MultiAZ><StorageType>gp2</StorageType><PubliclyAccessible>false</PubliclyAccessible><AvailabilityZone>us-east-1a</AvailabilityZone><PreferredMaintenanceWindow>mon:00:00-mon:03:00</PreferredMaintenanceWindow><PreferredBackupWindow>04:00-06:00</PreferredBackupWindow><VpcSecurityGroups><VpcSecurityGroupMembership><VpcSecurityGroupId>sg-00000000</VpcSecurityGroupId><Status>active</Status></VpcSecurityGroupMembership></VpcSecurityGroups><DBParameterGroups><DBParameterGroup><DBParameterGroupName>default.postgres16</DBParameterGroupName><ParameterApplyStatus>in-sync</ParameterApplyStatus></DBParameterGroup></DBParameterGroups><DBSubnetGroup><DBSubnetGroupName>curso-db-tf</DBSubnetGroupName><DBSubnetGroupDescription>Managed by Terraform</DBSubnetGroupDescription><VpcId>vpc-2348b1b1</VpcId><SubnetGroupStatus>Complete</SubnetGroupStatus><DBSubnetGroupArn>arn:aws:rds:us-east-1:000000000000:subgrp:curso-db-tf</DBSubnetGroupArn><Subnets><Subnet><SubnetIdentifier>subnet-e4686fb6</SubnetIdentifier><SubnetAvailabilityZone><Name>us-east-1a</Name></SubnetAvailabilityZone><SubnetStatus>Active</SubnetStatus></Subnet><Subnet><SubnetIdentifier>subnet-97d81388</SubnetIdentifier><SubnetAvailabilityZone><Name>us-east-1b</Name></SubnetAvailabilityZone><SubnetStatus>Active</SubnetStatus></Subnet></Subnets></DBSubnetGroup><DbiResourceId>db-33D6794DC72548C78BB27B45</DbiResourceId><DBInstanceArn>arn:aws:rds:us-east-1:000000000000:db:db-pedidos-tf</DBInstanceArn><TagList></TagList></DBInstance><DBInstance><DBInstanceIdentifier>db-inventario</DBInstanceIdentifier><DBInstanceStatus>available</DBInstanceStatus><Engine>mysql</Engine><EngineVersion>8.0.36</EngineVersion><MasterUsername>admin</MasterUsername><DBInstanceClass>db.t3.micro</DBInstanceClass><AllocatedStorage>20</AllocatedStorage><Endpoint><Address>172.18.0.2</Address><Port>7002</Port></Endpoint><IAMDatabaseAuthenticationEnabled>false</IAMDatabaseAuthenticationEnabled><MultiAZ>false</MultiAZ><StorageType>gp2</StorageType><PubliclyAccessible>false</PubliclyAccessible><AvailabilityZone>us-east-1b</AvailabilityZone><PreferredMaintenanceWindow>mon:00:00-mon:03:00</PreferredMaintenanceWindow><PreferredBackupWindow>04:00-06:00</PreferredBackupWindow><VpcSecurityGroups><VpcSecurityGroupMembership><VpcSecurityGroupId>sg-00000000</VpcSecurityGroupId><Status>active</Status></VpcSecurityGroupMembership></VpcSecurityGroups><DBParameterGroups><DBParameterGroup><DBParameterGroupName>default.mysql8</DBParameterGroupName><ParameterApplyStatus>in-sync</ParameterApplyStatus></DBParameterGroup></DBParameterGroups><DBSubnetGroup><DBSubnetGroupName>curso-db-subnets</DBSubnetGroupName><DBSubnetGroupDescription>Subnets de base de datos del curso (2 AZ)</DBSubnetGroupDescription><VpcId>vpc-1ded7984</VpcId><SubnetGroupStatus>Complete</SubnetGroupStatus><DBSubnetGroupArn>arn:aws:rds:us-east-1:000000000000:subgrp:curso-db-subnets</DBSubnetGroupArn><Subnets><Subnet><SubnetIdentifier>subnet-e10aa0d8</SubnetIdentifier><SubnetAvailabilityZone><Name>us-east-1a</Name></SubnetAvailabilityZone><SubnetStatus>Active</SubnetStatus></Subnet><Subnet><SubnetIdentifier>subnet-80458377</SubnetIdentifier><SubnetAvailabilityZone><Name>us-east-1b</Name></SubnetAvailabilityZone><SubnetStatus>Active</SubnetStatus></Subnet></Subnets></DBSubnetGroup><DbiResourceId>db-DFF11833148C4770920246B7</DbiResourceId><DBInstanceArn>arn:aws:rds:us-east-1:000000000000:db:db-inventario</DBInstanceArn><TagList></TagList></DBInstance></DBInstances><Marker></Marker></DescribeDBInstancesResult><ResponseMetadata><RequestId>ca89c582-1a85-4e7f-85b1-c39dbe15d0e3</RequestId></ResponseMetadata></DescribeDBInstancesResponse>
  | [truncated...]
   http.response.header.x_amz_request_id=be7a0220-be18-4e73-9891-b0ae4372310c http.response.header.x_amzn_requestid=be7a0220-be18-4e73-9891-b0ae4372310c http.response_content_length=8121 tf_mux_provider="*schema.GRPCProviderServer" tf_provider_addr=registry.terraform.io/hashicorp/aws tf_resource_type=aws_db_instance http.status_code=200 rpc.system.name=aws-api tf_aws.signing_region="" timestamp=2026-08-10T00:12:41.127-0500
2026-08-10T00:12:41.128-0500 [DEBUG] provider.terraform-provider-aws_v6.58.0_x5.exe: HTTP Response Received: @caller=github.com/hashicorp/aws-sdk-go-base/v2@v2.0.0-beta.73/logging/tf_logger.go:45 http.duration=43
  http.response.body=
  | <DescribeDBInstancesResponse xmlns="http://rds.amazonaws.com/doc/2014-10-31/"><DescribeDBInstancesResult><DBInstances><DBInstance><DBInstanceIdentifier>db-pedidos</DBInstanceIdentifier><DBInstanceStatus>available</DBInstanceStatus><Engine>postgres</Engine><EngineVersion>16.3</EngineVersion><MasterUsername>admin</MasterUsername><DBInstanceClass>db.t3.micro</DBInstanceClass><AllocatedStorage>20</AllocatedStorage><Endpoint><Address>172.18.0.2</Address><Port>7001</Port></Endpoint><IAMDatabaseAuthenticationEnabled>false</IAMDatabaseAuthenticationEnabled><MultiAZ>false</MultiAZ><StorageType>gp2</StorageType><PubliclyAccessible>false</PubliclyAccessible><AvailabilityZone>us-east-1b</AvailabilityZone><PreferredMaintenanceWindow>mon:00:00-mon:03:00</PreferredMaintenanceWindow><PreferredBackupWindow>04:00-06:00</PreferredBackupWindow><VpcSecurityGroups><VpcSecurityGroupMembership><VpcSecurityGroupId>sg-00000000</VpcSecurityGroupId><Status>active</Status></VpcSecurityGroupMembership></VpcSecurityGroups><DBParameterGroups><DBParameterGroup><DBParameterGroupName>default.postgres16</DBParameterGroupName><ParameterApplyStatus>in-sync</ParameterApplyStatus></DBParameterGroup></DBParameterGroups><DBSubnetGroup><DBSubnetGroupName>curso-db-subnets</DBSubnetGroupName><DBSubnetGroupDescription>Subnets de base de datos del curso (2 AZ)</DBSubnetGroupDescription><VpcId>vpc-1ded7984</VpcId><SubnetGroupStatus>Complete</SubnetGroupStatus><DBSubnetGroupArn>arn:aws:rds:us-east-1:000000000000:subgrp:curso-db-subnets</DBSubnetGroupArn><Subnets><Subnet><SubnetIdentifier>subnet-e10aa0d8</SubnetIdentifier><SubnetAvailabilityZone><Name>us-east-1a</Name></SubnetAvailabilityZone><SubnetStatus>Active</SubnetStatus></Subnet><Subnet><SubnetIdentifier>subnet-80458377</SubnetIdentifier><SubnetAvailabilityZone><Name>us-east-1b</Name></SubnetAvailabilityZone><SubnetStatus>Active</SubnetStatus></Subnet></Subnets></DBSubnetGroup><DbiResourceId>db-7FC1BD7FF22D4082824C6572</DbiResourceId><DBInstanceArn>arn:aws:rds:us-east-1:000000000000:db:db-pedidos</DBInstanceArn><TagList></TagList></DBInstance><DBInstance><DBInstanceIdentifier>db-inventario-tf</DBInstanceIdentifier><DBInstanceStatus>available</DBInstanceStatus><Engine>mysql</Engine><EngineVersion></EngineVersion><MasterUsername>admin</MasterUsername><DBInstanceClass>db.t3.micro</DBInstanceClass><AllocatedStorage>20</AllocatedStorage><Endpoint><Address>172.18.0.2</Address><Port>7004</Port></Endpoint><IAMDatabaseAuthenticationEnabled>false</IAMDatabaseAuthenticationEnabled><MultiAZ>false</MultiAZ><StorageType>gp2</StorageType><PubliclyAccessible>false</PubliclyAccessible><AvailabilityZone>us-east-1a</AvailabilityZone><PreferredMaintenanceWindow>mon:00:00-mon:03:00</PreferredMaintenanceWindow><PreferredBackupWindow>04:00-06:00</PreferredBackupWindow><VpcSecurityGroups><VpcSecurityGroupMembership><VpcSecurityGroupId>sg-00000000</VpcSecurityGroupId><Status>active</Status></VpcSecurityGroupMembership></VpcSecurityGroups><DBParameterGroups><DBParameterGroup><DBParameterGroupName>default.mysql8</DBParameterGroupName><ParameterApplyStatus>in-sync</ParameterApplyStatus></DBParameterGroup></DBParameterGroups><DBSubnetGroup><DBSubnetGroupName>curso-db-tf</DBSubnetGroupName><DBSubnetGroupDescription>Managed by Terraform</DBSubnetGroupDescription><VpcId>vpc-2348b1b1</VpcId><SubnetGroupStatus>Complete</SubnetGroupStatus><DBSubnetGroupArn>arn:aws:rds:us-east-1:000000000000:subgrp:curso-db-tf</DBSubnetGroupArn><Subnets><Subnet><SubnetIdentifier>subnet-e4686fb6</SubnetIdentifier><SubnetAvailabilityZone><Name>us-east-1a</Name></SubnetAvailabilityZone><SubnetStatus>Active</SubnetStatus></Subnet><Subnet><SubnetIdentifier>subnet-97d81388</SubnetIdentifier><SubnetAvailabilityZone><Name>us-east-1b</Name></SubnetAvailabilityZone><SubnetStatus>Active</SubnetStatus></Subnet></Subnets></DBSubnetGroup><DbiResourceId>db-4B196AD48A814D01BEA7766B</DbiResourceId><DBInstanceArn>arn:aws:rds:us-east-1:000000000000:db:db-inventario-tf</DBInstanceArn><TagList></TagList></DBInstance><DBInstance><DBInstanceIdentifier>db-pedidos-tf</DBInstanceIdentifier><DBInstanceStatus>available</DBInstanceStatus><Engine>postgres</Engine><EngineVersion></EngineVersion><MasterUsername>admin</MasterUsername><DBInstanceClass>db.t3.micro</DBInstanceClass><AllocatedStorage>20</AllocatedStorage><Endpoint><Address>172.18.0.2</Address><Port>7003</Port></Endpoint><IAMDatabaseAuthenticationEnabled>false</IAMDatabaseAuthenticationEnabled><MultiAZ>false</MultiAZ><StorageType>gp2</StorageType><PubliclyAccessible>false</PubliclyAccessible><AvailabilityZone>us-east-1a</AvailabilityZone><PreferredMaintenanceWindow>mon:00:00-mon:03:00</PreferredMaintenanceWindow><PreferredBackupWindow>04:00-06:00</PreferredBackupWindow><VpcSecurityGroups><VpcSecurityGroupMembership><VpcSecurityGroupId>sg-00000000</VpcSecurityGroupId><Status>active</Status></VpcSecurityGroupMembership></VpcSecurityGroups><DBParameterGroups><DBParameterGroup><DBParameterGroupName>default.postgres16</DBParameterGroupName><ParameterApplyStatus>in-sync</ParameterApplyStatus></DBParameterGroup></DBParameterGroups><DBSubnetGroup><DBSubnetGroupName>curso-db-tf</DBSubnetGroupName><DBSubnetGroupDescription>Managed by Terraform</DBSubnetGroupDescription><VpcId>vpc-2348b1b1</VpcId><SubnetGroupStatus>Complete</SubnetGroupStatus><DBSubnetGroupArn>arn:aws:rds:us-east-1:000000000000:subgrp:curso-db-tf</DBSubnetGroupArn><Subnets><Subnet><SubnetIdentifier>subnet-e4686fb6</SubnetIdentifier><SubnetAvailabilityZone><Name>us-east-1a</Name></SubnetAvailabilityZone><SubnetStatus>Active</SubnetStatus></Subnet><Subnet><SubnetIdentifier>subnet-97d81388</SubnetIdentifier><SubnetAvailabilityZone><Name>us-east-1b</Name></SubnetAvailabilityZone><SubnetStatus>Active</SubnetStatus></Subnet></Subnets></DBSubnetGroup><DbiResourceId>db-33D6794DC72548C78BB27B45</DbiResourceId><DBInstanceArn>arn:aws:rds:us-east-1:000000000000:db:db-pedidos-tf</DBInstanceArn><TagList></TagList></DBInstance><DBInstance><DBInstanceIdentifier>db-inventario</DBInstanceIdentifier><DBInstanceStatus>available</DBInstanceStatus><Engine>mysql</Engine><EngineVersion>8.0.36</EngineVersion><MasterUsername>admin</MasterUsername><DBInstanceClass>db.t3.micro</DBInstanceClass><AllocatedStorage>20</AllocatedStorage><Endpoint><Address>172.18.0.2</Address><Port>7002</Port></Endpoint><IAMDatabaseAuthenticationEnabled>false</IAMDatabaseAuthenticationEnabled><MultiAZ>false</MultiAZ><StorageType>gp2</StorageType><PubliclyAccessible>false</PubliclyAccessible><AvailabilityZone>us-east-1b</AvailabilityZone><PreferredMaintenanceWindow>mon:00:00-mon:03:00</PreferredMaintenanceWindow><PreferredBackupWindow>04:00-06:00</PreferredBackupWindow><VpcSecurityGroups><VpcSecurityGroupMembership><VpcSecurityGroupId>sg-00000000</VpcSecurityGroupId><Status>active</Status></VpcSecurityGroupMembership></VpcSecurityGroups><DBParameterGroups><DBParameterGroup><DBParameterGroupName>default.mysql8</DBParameterGroupName><ParameterApplyStatus>in-sync</ParameterApplyStatus></DBParameterGroup></DBParameterGroups><DBSubnetGroup><DBSubnetGroupName>curso-db-subnets</DBSubnetGroupName><DBSubnetGroupDescription>Subnets de base de datos del curso (2 AZ)</DBSubnetGroupDescription><VpcId>vpc-1ded7984</VpcId><SubnetGroupStatus>Complete</SubnetGroupStatus><DBSubnetGroupArn>arn:aws:rds:us-east-1:000000000000:subgrp:curso-db-subnets</DBSubnetGroupArn><Subnets><Subnet><SubnetIdentifier>subnet-e10aa0d8</SubnetIdentifier><SubnetAvailabilityZone><Name>us-east-1a</Name></SubnetAvailabilityZone><SubnetStatus>Active</SubnetStatus></Subnet><Subnet><SubnetIdentifier>subnet-80458377</SubnetIdentifier><SubnetAvailabilityZone><Name>us-east-1b</Name></SubnetAvailabilityZone><SubnetStatus>Active</SubnetStatus></Subnet></Subnets></DBSubnetGroup><DbiResourceId>db-DFF11833148C4770920246B7</DbiResourceId><DBInstanceArn>arn:aws:rds:us-east-1:000000000000:db:db-inventario</DBInstanceArn><TagList></TagList></DBInstance></DBInstances><Marker></Marker></DescribeDBInstancesResult><ResponseMetadata><RequestId>fe75d82d-5a94-4cce-af3c-c9743d59ab0f</RequestId></ResponseMetadata></DescribeDBInstancesResponse>
  | [truncated...]
   http.response_content_length=8121 http.status_code=200 aws.region=us-east-1 http.response.header.date="Mon, 10 Aug 2026 05:12:41 GMT" http.response.header.x_amz_id_2=6a768dd0-1ccd-4125-b231-de2760eaf768 http.response.header.x_amzn_requestid=6a768dd0-1ccd-4125-b231-de2760eaf768 tf_resource_type=aws_db_instance http.response.header.x_amz_request_id=6a768dd0-1ccd-4125-b231-de2760eaf768 rpc.system.name=aws-api tf_mux_provider="*schema.GRPCProviderServer" @module=aws http.response.header.content_type=application/xml rpc.method=RDS/DescribeDBInstances tf_aws.sdk=aws-sdk-go-v2 tf_aws.signing_region="" tf_provider_addr=registry.terraform.io/hashicorp/aws tf_req_id=4d659663-6736-1ffb-3989-e9ca0e947d09 tf_rpc=ReadResource timestamp=2026-08-10T00:12:41.127-0500
2026-08-10T00:12:41.128-0500 [DEBUG] provider.terraform-provider-aws_v6.58.0_x5.exe: setting endpoint: @caller=github.com/hashicorp/terraform-provider-aws/internal/service/rds/service_endpoint_resolver_gen.go:39 rpc.system.name=aws-api rpc.method=RDS/DescribeDBInstances tf_provider_addr=registry.terraform.io/hashicorp/aws tf_rpc=ReadResource tf_mux_provider="*schema.GRPCProviderServer" tf_resource_type=aws_db_instance @module=aws aws.region=us-east-1 tf_aws.endpoint="map[Headers:<nil> Properties:map[] URI:map[ForceQuery:false Fragment: Host: OmitHost:false Opaque: Path: RawFragment: RawPath: RawQuery: Scheme: User:<nil>]]" tf_aws.sdk=aws-sdk-go-v2 tf_req_id=5e4dd127-96bc-20dd-5a7c-c73dcdf30517 timestamp=2026-08-10T00:12:41.128-0500
2026-08-10T00:12:41.128-0500 [DEBUG] provider.terraform-provider-aws_v6.58.0_x5.exe: setting endpoint: aws.region=us-east-1 tf_provider_addr=registry.terraform.io/hashicorp/aws tf_req_id=4d659663-6736-1ffb-3989-e9ca0e947d09 @module=aws tf_aws.endpoint="map[Headers:<nil> Properties:map[] URI:map[ForceQuery:false Fragment: Host: OmitHost:false Opaque: Path: RawFragment: RawPath: RawQuery: Scheme: User:<nil>]]" tf_mux_provider="*schema.GRPCProviderServer" @caller=github.com/hashicorp/terraform-provider-aws/internal/service/rds/service_endpoint_resolver_gen.go:39 tf_aws.sdk=aws-sdk-go-v2 tf_rpc=ReadResource rpc.method=RDS/DescribeDBInstances rpc.system.name=aws-api tf_resource_type=aws_db_instance timestamp=2026-08-10T00:12:41.128-0500
2026-08-10T00:12:41.128-0500 [DEBUG] provider.terraform-provider-aws_v6.58.0_x5.exe: HTTP Request Sent: tf_aws.signing_region="" tf_req_id=5e4dd127-96bc-20dd-5a7c-c73dcdf30517 tf_resource_type=aws_db_instance @module=aws http.method=POST http.request.header.amz_sdk_request="attempt=1; max=25" http.request.header.content_type=application/x-www-form-urlencoded rpc.method=RDS/DescribeDBInstances
  http.request.body=
  | Action=DescribeDBInstances&DBInstanceIdentifier=db-4B196AD48A814D01BEA7766B&Version=2014-10-31
   http.user_agent="APN/1.0 HashiCorp/1.0 Terraform/1.15.7 (+https://www.terraform.io) terraform-provider-aws/6.58.0 (+https://registry.terraform.io/providers/hashicorp/aws) aws-sdk-go-v2/1.43.2 ua/2.1 os/windows lang/go#1.26.5 md/GOOS#windows md/GOARCH#amd64 api/rds#1.123.2 m/C,e" net.peer.port=4566 tf_mux_provider="*schema.GRPCProviderServer" tf_rpc=ReadResource @caller=github.com/hashicorp/aws-sdk-go-base/v2@v2.0.0-beta.73/logging/tf_logger.go:45 http.request.header.amz_sdk_invocation_id=393a9fd7-3171-4467-8b02-be68ec2e0cc5 http.request.header.authorization="AWS4-HMAC-SHA256 Credential=test/20260810/us-east-1/rds/aws4_request, SignedHeaders=amz-sdk-invocation-id;amz-sdk-request;content-length;content-type;host;x-amz-date, Signature=*****" http.request.header.x_amz_date=20260810T051241Z http.url=http://localhost:4566/ net.peer.name=localhost tf_aws.sdk=aws-sdk-go-v2 tf_provider_addr=registry.terraform.io/hashicorp/aws aws.region=us-east-1 http.request_content_length=94 rpc.system.name=aws-api timestamp=2026-08-10T00:12:41.128-0500
2026-08-10T00:12:41.128-0500 [DEBUG] provider.terraform-provider-aws_v6.58.0_x5.exe: HTTP Request Sent: http.user_agent="APN/1.0 HashiCorp/1.0 Terraform/1.15.7 (+https://www.terraform.io) terraform-provider-aws/6.58.0 (+https://registry.terraform.io/providers/hashicorp/aws) aws-sdk-go-v2/1.43.2 ua/2.1 os/windows lang/go#1.26.5 md/GOOS#windows md/GOARCH#amd64 api/rds#1.123.2 m/C,e" rpc.method=RDS/DescribeDBInstances tf_provider_addr=registry.terraform.io/hashicorp/aws http.method=POST http.request.header.content_type=application/x-www-form-urlencoded net.peer.port=4566 tf_aws.sdk=aws-sdk-go-v2 tf_req_id=4d659663-6736-1ffb-3989-e9ca0e947d09 @module=aws http.request.header.amz_sdk_request="attempt=1; max=25" http.request.header.authorization="AWS4-HMAC-SHA256 Credential=test/20260810/us-east-1/rds/aws4_request, SignedHeaders=amz-sdk-invocation-id;amz-sdk-request;content-length;content-type;host;x-amz-date, Signature=*****" net.peer.name=localhost tf_resource_type=aws_db_instance tf_rpc=ReadResource @caller=github.com/hashicorp/aws-sdk-go-base/v2@v2.0.0-beta.73/logging/tf_logger.go:45 aws.region=us-east-1 http.request.header.amz_sdk_invocation_id=5a34df2c-efaa-4d3b-a973-654d6af99119 http.url=http://localhost:4566/ rpc.system.name=aws-api tf_aws.signing_region="" tf_mux_provider="*schema.GRPCProviderServer"
  http.request.body=
  | Action=DescribeDBInstances&DBInstanceIdentifier=db-33D6794DC72548C78BB27B45&Version=2014-10-31
   http.request.header.x_amz_date=20260810T051241Z http.request_content_length=94 timestamp=2026-08-10T00:12:41.128-0500
2026-08-10T00:12:41.130-0500 [DEBUG] provider.terraform-provider-aws_v6.58.0_x5.exe: HTTP Response Received: http.response.header.content_type=application/xml http.status_code=200 rpc.method=EC2/DescribeTags @module=aws
  http.response.body=
  | <DescribeTagsResponse xmlns="http://ec2.amazonaws.com/doc/2016-11-15/"><requestId>a5f7df60-1429-430f-8861-00f9f42fc4ef</requestId><tagSet></tagSet></DescribeTagsResponse>
   http.response.header.x_amz_request_id=981dc763-8149-4e90-86db-8fac0c36eee7 rpc.system.name=aws-api tf_mux_provider="*schema.GRPCProviderServer" tf_provider_addr=registry.terraform.io/hashicorp/aws http.response_content_length=170 tf_req_id=e08ccd59-24ab-aaea-218c-f10f1d748627 tf_resource_type=aws_instance tf_rpc=ReadResource aws.region=us-east-1 http.duration=43 http.response.header.date="Mon, 10 Aug 2026 05:12:41 GMT" http.response.header.x_amz_id_2=981dc763-8149-4e90-86db-8fac0c36eee7 http.response.header.x_amzn_requestid=981dc763-8149-4e90-86db-8fac0c36eee7 tf_aws.sdk=aws-sdk-go-v2 tf_aws.signing_region="" @caller=github.com/hashicorp/aws-sdk-go-base/v2@v2.0.0-beta.73/logging/tf_logger.go:45 timestamp=2026-08-10T00:12:41.130-0500
2026-08-10T00:12:41.130-0500 [DEBUG] provider.terraform-provider-aws_v6.58.0_x5.exe: setting endpoint: tf_rpc=ReadResource @module=aws tf_aws.endpoint="map[Headers:<nil> Properties:map[] URI:map[ForceQuery:false Fragment: Host: OmitHost:false Opaque: Path: RawFragment: RawPath: RawQuery: Scheme: User:<nil>]]" tf_aws.sdk=aws-sdk-go-v2 rpc.system.name=aws-api tf_provider_addr=registry.terraform.io/hashicorp/aws tf_req_id=e08ccd59-24ab-aaea-218c-f10f1d748627 tf_resource_type=aws_instance @caller=github.com/hashicorp/terraform-provider-aws/internal/service/ec2/service_endpoint_resolver_gen.go:39 aws.region=us-east-1 rpc.method=EC2/DescribeVpcs tf_mux_provider="*schema.GRPCProviderServer" timestamp=2026-08-10T00:12:41.130-0500
2026-08-10T00:12:41.131-0500 [DEBUG] provider.terraform-provider-aws_v6.58.0_x5.exe: HTTP Request Sent: http.user_agent="APN/1.0 HashiCorp/1.0 Terraform/1.15.7 (+https://www.terraform.io) terraform-provider-aws/6.58.0 (+https://registry.terraform.io/providers/hashicorp/aws) aws-sdk-go-v2/1.43.2 ua/2.1 os/windows lang/go#1.26.5 md/GOOS#windows md/GOARCH#amd64 api/ec2#1.318.0 m/C,e" net.peer.port=4566 rpc.system.name=aws-api aws.region=us-east-1 http.request.header.authorization="AWS4-HMAC-SHA256 Credential=test/20260810/us-east-1/ec2/aws4_request, SignedHeaders=amz-sdk-invocation-id;amz-sdk-request;content-length;content-type;host;x-amz-date, Signature=*****" tf_mux_provider="*schema.GRPCProviderServer" tf_provider_addr=registry.terraform.io/hashicorp/aws tf_req_id=e08ccd59-24ab-aaea-218c-f10f1d748627 tf_rpc=ReadResource http.request.header.x_amz_date=20260810T051241Z http.request_content_length=59
  http.request.body=
  | Action=DescribeVpcs&Version=2016-11-15&VpcId.1=vpc-2348b1b1
   http.request.header.amz_sdk_invocation_id=dca310b0-2b52-4233-ba52-32c67a4e297c http.request.header.content_type=application/x-www-form-urlencoded http.url=http://localhost:4566/ net.peer.name=localhost rpc.method=EC2/DescribeVpcs tf_aws.sdk=aws-sdk-go-v2 tf_aws.signing_region="" tf_resource_type=aws_instance @caller=github.com/hashicorp/aws-sdk-go-base/v2@v2.0.0-beta.73/logging/tf_logger.go:45 @module=aws http.method=POST http.request.header.amz_sdk_request="attempt=1; max=25" timestamp=2026-08-10T00:12:41.131-0500
2026-08-10T00:12:41.134-0500 [DEBUG] provider.terraform-provider-aws_v6.58.0_x5.exe: HTTP Response Received: aws.region=us-east-1 http.status_code=200 rpc.method=EC2/DescribeTags http.response.header.x_amz_request_id=26a75aa8-d2ce-4f63-b41b-86e0b8c4aca9 http.response.header.x_amzn_requestid=26a75aa8-d2ce-4f63-b41b-86e0b8c4aca9 rpc.system.name=aws-api tf_aws.signing_region="" tf_provider_addr=registry.terraform.io/hashicorp/aws tf_req_id=022d81b2-4025-3723-bfd4-05e115ecf5ef http.response.header.content_type=application/xml http.response.header.date="Mon, 10 Aug 2026 05:12:41 GMT" tf_mux_provider="*schema.GRPCProviderServer" tf_resource_type=aws_instance http.duration=43
  http.response.body=
  | <DescribeTagsResponse xmlns="http://ec2.amazonaws.com/doc/2016-11-15/"><requestId>d2bd1d70-2e60-45a7-bbb9-9a8f966921d7</requestId><tagSet></tagSet></DescribeTagsResponse>
   http.response.header.x_amz_id_2=26a75aa8-d2ce-4f63-b41b-86e0b8c4aca9 http.response_content_length=170 tf_aws.sdk=aws-sdk-go-v2 tf_rpc=ReadResource @caller=github.com/hashicorp/aws-sdk-go-base/v2@v2.0.0-beta.73/logging/tf_logger.go:45 @module=aws timestamp=2026-08-10T00:12:41.134-0500
2026-08-10T00:12:41.134-0500 [DEBUG] provider.terraform-provider-aws_v6.58.0_x5.exe: HTTP Response Received: http.response_content_length=362 @caller=github.com/hashicorp/aws-sdk-go-base/v2@v2.0.0-beta.73/logging/tf_logger.go:45 http.response.header.x_amz_id_2=1eb2aa11-94c0-40ec-aefb-46cea8115dff tf_mux_provider="*schema.GRPCProviderServer" tf_req_id=4a6feffd-3337-f306-62f7-39b55225f300 tf_resource_type=aws_lb http.response.header.date="Mon, 10 Aug 2026 05:12:41 GMT" rpc.system.name=aws-api tf_aws.sdk=aws-sdk-go-v2 @module=aws http.duration=47 http.response.header.content_type=application/xml http.response.header.x_amzn_requestid=1eb2aa11-94c0-40ec-aefb-46cea8115dff http.status_code=200 tf_provider_addr=registry.terraform.io/hashicorp/aws aws.region=us-east-1
  http.response.body=
  | <DescribeCapacityReservationResponse xmlns="https://elasticloadbalancing.amazonaws.com/doc/2015-12-01/"><DescribeCapacityReservationResult><CapacityReservationState></CapacityReservationState></DescribeCapacityReservationResult><ResponseMetadata><RequestId>6d010e46-9df6-473e-992e-8aa421aa29e1</RequestId></ResponseMetadata></DescribeCapacityReservationResponse>
   http.response.header.x_amz_request_id=1eb2aa11-94c0-40ec-aefb-46cea8115dff rpc.method="Elastic Load Balancing v2/DescribeCapacityReservation" tf_aws.signing_region="" tf_rpc=ReadResource timestamp=2026-08-10T00:12:41.134-0500
2026-08-10T00:12:41.134-0500 [DEBUG] provider.terraform-provider-aws_v6.58.0_x5.exe: setting endpoint: rpc.system.name=aws-api tf_req_id=022d81b2-4025-3723-bfd4-05e115ecf5ef @caller=github.com/hashicorp/terraform-provider-aws/internal/service/ec2/service_endpoint_resolver_gen.go:39 @module=aws rpc.method=EC2/DescribeVpcs tf_aws.sdk=aws-sdk-go-v2 tf_rpc=ReadResource aws.region=us-east-1 tf_aws.endpoint="map[Headers:<nil> Properties:map[] URI:map[ForceQuery:false Fragment: Host: OmitHost:false Opaque: Path: RawFragment: RawPath: RawQuery: Scheme: User:<nil>]]" tf_mux_provider="*schema.GRPCProviderServer" tf_provider_addr=registry.terraform.io/hashicorp/aws tf_resource_type=aws_instance timestamp=2026-08-10T00:12:41.134-0500
2026-08-10T00:12:41.134-0500 [DEBUG] provider.terraform-provider-aws_v6.58.0_x5.exe: setting endpoint: tf_aws.sdk=aws-sdk-go-v2 tf_mux_provider="*schema.GRPCProviderServer" @caller=github.com/hashicorp/terraform-provider-aws/internal/service/elbv2/service_endpoint_resolver_gen.go:39 tf_req_id=4a6feffd-3337-f306-62f7-39b55225f300 tf_rpc=ReadResource aws.region=us-east-1 tf_provider_addr=registry.terraform.io/hashicorp/aws rpc.method="Elastic Load Balancing v2/DescribeTags" rpc.system.name=aws-api tf_resource_type=aws_lb @module=aws tf_aws.endpoint="map[Headers:<nil> Properties:map[] URI:map[ForceQuery:false Fragment: Host: OmitHost:false Opaque: Path: RawFragment: RawPath: RawQuery: Scheme: User:<nil>]]" timestamp=2026-08-10T00:12:41.134-0500
2026-08-10T00:12:41.134-0500 [DEBUG] provider.terraform-provider-aws_v6.58.0_x5.exe: HTTP Request Sent: http.request.header.content_type=application/x-www-form-urlencoded http.url=http://localhost:4566/ http.user_agent="APN/1.0 HashiCorp/1.0 Terraform/1.15.7 (+https://www.terraform.io) terraform-provider-aws/6.58.0 (+https://registry.terraform.io/providers/hashicorp/aws) aws-sdk-go-v2/1.43.2 ua/2.1 os/windows lang/go#1.26.5 md/GOOS#windows md/GOARCH#amd64 api/elasticloadbalancingv2#1.58.3 m/e" rpc.system.name=aws-api tf_resource_type=aws_lb net.peer.port=4566 tf_aws.sdk=aws-sdk-go-v2 tf_aws.signing_region="" aws.region=us-east-1 http.method=POST http.request.header.amz_sdk_invocation_id=82557180-377b-4f73-b50a-6957d5c51883 http.request.header.amz_sdk_request="attempt=1; max=25" http.request.header.authorization="AWS4-HMAC-SHA256 Credential=test/20260810/us-east-1/elasticloadbalancing/aws4_request, SignedHeaders=amz-sdk-invocation-id;amz-sdk-request;content-length;content-type;host;x-amz-date, Signature=*****" net.peer.name=localhost tf_req_id=4a6feffd-3337-f306-62f7-39b55225f300 tf_rpc=ReadResource @caller=github.com/hashicorp/aws-sdk-go-base/v2@v2.0.0-beta.73/logging/tf_logger.go:45
  http.request.body=
  | Action=DescribeTags&ResourceArns.member.1=arn%3Aaws%3Aelasticloadbalancing%3Aus-east-1%3A000000000000%3Aloadbalancer%2Fapp%2Fcurso-alb-tf%2F0be17ff83c3e4e05&Version=2015-12-01
   http.request.header.x_amz_date=20260810T051241Z http.request_content_length=175 rpc.method="Elastic Load Balancing v2/DescribeTags" tf_mux_provider="*schema.GRPCProviderServer" tf_provider_addr=registry.terraform.io/hashicorp/aws @module=aws timestamp=2026-08-10T00:12:41.134-0500
2026-08-10T00:12:41.134-0500 [DEBUG] provider.terraform-provider-aws_v6.58.0_x5.exe: HTTP Request Sent: @caller=github.com/hashicorp/aws-sdk-go-base/v2@v2.0.0-beta.73/logging/tf_logger.go:45 @module=aws http.request.header.authorization="AWS4-HMAC-SHA256 Credential=test/20260810/us-east-1/ec2/aws4_request, SignedHeaders=amz-sdk-invocation-id;amz-sdk-request;content-length;content-type;host;x-amz-date, Signature=*****" http.request_content_length=59 net.peer.port=4566 tf_req_id=022d81b2-4025-3723-bfd4-05e115ecf5ef tf_rpc=ReadResource aws.region=us-east-1
  http.request.body=
  | Action=DescribeVpcs&Version=2016-11-15&VpcId.1=vpc-2348b1b1
   http.url=http://localhost:4566/ tf_aws.sdk=aws-sdk-go-v2 tf_mux_provider="*schema.GRPCProviderServer" tf_provider_addr=registry.terraform.io/hashicorp/aws http.method=POST http.request.header.amz_sdk_request="attempt=1; max=25" http.request.header.content_type=application/x-www-form-urlencoded http.request.header.x_amz_date=20260810T051241Z http.user_agent="APN/1.0 HashiCorp/1.0 Terraform/1.15.7 (+https://www.terraform.io) terraform-provider-aws/6.58.0 (+https://registry.terraform.io/providers/hashicorp/aws) aws-sdk-go-v2/1.43.2 ua/2.1 os/windows lang/go#1.26.5 md/GOOS#windows md/GOARCH#amd64 api/ec2#1.318.0 m/C,e" rpc.system.name=aws-api tf_resource_type=aws_instance http.request.header.amz_sdk_invocation_id=492ba090-5bea-48d6-9645-cb86e0e94a09 net.peer.name=localhost rpc.method=EC2/DescribeVpcs tf_aws.signing_region="" timestamp=2026-08-10T00:12:41.134-0500
2026-08-10T00:12:41.171-0500 [DEBUG] provider.terraform-provider-aws_v6.58.0_x5.exe: HTTP Response Received: rpc.system.name=aws-api tf_aws.sdk=aws-sdk-go-v2 tf_aws.signing_region="" tf_req_id=4d659663-6736-1ffb-3989-e9ca0e947d09 http.response.header.x_amz_request_id=1a62877c-a349-4806-bc14-47face496e99 tf_mux_provider="*schema.GRPCProviderServer" tf_provider_addr=registry.terraform.io/hashicorp/aws tf_rpc=ReadResource http.response.header.x_amz_id_2=1a62877c-a349-4806-bc14-47face496e99 http.response_content_length=303 tf_resource_type=aws_db_instance @module=aws aws.region=us-east-1 http.duration=42
  http.response.body=
  | <DescribeDBInstancesResponse xmlns="http://rds.amazonaws.com/doc/2014-10-31/"><DescribeDBInstancesResult><DBInstances></DBInstances><Marker></Marker></DescribeDBInstancesResult><ResponseMetadata><RequestId>57a1c047-33b4-4f34-a737-a9a349561957</RequestId></ResponseMetadata></DescribeDBInstancesResponse>
   http.response.header.content_type=application/xml http.response.header.date="Mon, 10 Aug 2026 05:12:41 GMT" http.response.header.x_amzn_requestid=1a62877c-a349-4806-bc14-47face496e99 @caller=github.com/hashicorp/aws-sdk-go-base/v2@v2.0.0-beta.73/logging/tf_logger.go:45 http.status_code=200 rpc.method=RDS/DescribeDBInstances timestamp=2026-08-10T00:12:41.170-0500
2026-08-10T00:12:41.171-0500 [DEBUG] provider.terraform-provider-aws_v6.58.0_x5.exe: HTTP Response Received: tf_aws.sdk=aws-sdk-go-v2 tf_resource_type=aws_db_instance @caller=github.com/hashicorp/aws-sdk-go-base/v2@v2.0.0-beta.73/logging/tf_logger.go:45
  http.response.body=
  | <DescribeDBInstancesResponse xmlns="http://rds.amazonaws.com/doc/2014-10-31/"><DescribeDBInstancesResult><DBInstances></DBInstances><Marker></Marker></DescribeDBInstancesResult><ResponseMetadata><RequestId>d42bafd0-d90a-4e11-8620-2bb4215dfd0c</RequestId></ResponseMetadata></DescribeDBInstancesResponse>
   http.response.header.x_amz_id_2=f1613257-df77-4559-b0f8-910d72e1d495 http.response.header.x_amzn_requestid=f1613257-df77-4559-b0f8-910d72e1d495 http.response_content_length=303 rpc.method=RDS/DescribeDBInstances @module=aws http.response.header.content_type=application/xml rpc.system.name=aws-api tf_aws.signing_region="" tf_mux_provider="*schema.GRPCProviderServer" tf_provider_addr=registry.terraform.io/hashicorp/aws tf_req_id=5e4dd127-96bc-20dd-5a7c-c73dcdf30517 http.response.header.date="Mon, 10 Aug 2026 05:12:41 GMT" http.response.header.x_amz_request_id=f1613257-df77-4559-b0f8-910d72e1d495 tf_rpc=ReadResource aws.region=us-east-1 http.duration=42 http.status_code=200 timestamp=2026-08-10T00:12:41.170-0500
2026-08-10T00:12:41.171-0500 [DEBUG] provider.terraform-provider-aws_v6.58.0_x5.exe: setting endpoint: tf_aws.endpoint="map[Headers:<nil> Properties:map[] URI:map[ForceQuery:false Fragment: Host: OmitHost:false Opaque: Path: RawFragment: RawPath: RawQuery: Scheme: User:<nil>]]" tf_mux_provider="*schema.GRPCProviderServer" rpc.method=RDS/DescribeDBInstances tf_provider_addr=registry.terraform.io/hashicorp/aws tf_resource_type=aws_db_instance tf_rpc=ReadResource @caller=github.com/hashicorp/terraform-provider-aws/internal/service/rds/service_endpoint_resolver_gen.go:39 aws.region=us-east-1 rpc.system.name=aws-api tf_req_id=4d659663-6736-1ffb-3989-e9ca0e947d09 @module=aws tf_aws.sdk=aws-sdk-go-v2 timestamp=2026-08-10T00:12:41.171-0500
2026-08-10T00:12:41.171-0500 [DEBUG] provider.terraform-provider-aws_v6.58.0_x5.exe: setting endpoint: @module=aws aws.region=us-east-1 rpc.system.name=aws-api tf_aws.endpoint="map[Headers:<nil> Properties:map[] URI:map[ForceQuery:false Fragment: Host: OmitHost:false Opaque: Path: RawFragment: RawPath: RawQuery: Scheme: User:<nil>]]" tf_provider_addr=registry.terraform.io/hashicorp/aws tf_resource_type=aws_db_instance rpc.method=RDS/DescribeDBInstances @caller=github.com/hashicorp/terraform-provider-aws/internal/service/rds/service_endpoint_resolver_gen.go:39 tf_mux_provider="*schema.GRPCProviderServer" tf_req_id=5e4dd127-96bc-20dd-5a7c-c73dcdf30517 tf_rpc=ReadResource tf_aws.sdk=aws-sdk-go-v2 timestamp=2026-08-10T00:12:41.171-0500
2026-08-10T00:12:41.171-0500 [DEBUG] provider.terraform-provider-aws_v6.58.0_x5.exe: HTTP Request Sent: @module=aws http.request.header.amz_sdk_invocation_id=e039185e-6c53-4da2-90fe-798a2731fa39 http.request.header.content_type=application/x-www-form-urlencoded rpc.method=RDS/DescribeDBInstances http.method=POST http.request_content_length=83 http.url=http://localhost:4566/ http.user_agent="APN/1.0 HashiCorp/1.0 Terraform/1.15.7 (+https://www.terraform.io) terraform-provider-aws/6.58.0 (+https://registry.terraform.io/providers/hashicorp/aws) aws-sdk-go-v2/1.43.2 ua/2.1 os/windows lang/go#1.26.5 md/GOOS#windows md/GOARCH#amd64 api/rds#1.123.2 m/C,e" tf_req_id=5e4dd127-96bc-20dd-5a7c-c73dcdf30517 @caller=github.com/hashicorp/aws-sdk-go-base/v2@v2.0.0-beta.73/logging/tf_logger.go:45
  http.request.body=
  | Action=DescribeDBInstances&DBInstanceIdentifier=db-inventario-tf&Version=2014-10-31
   http.request.header.amz_sdk_request="attempt=1; max=25" http.request.header.authorization="AWS4-HMAC-SHA256 Credential=test/20260810/us-east-1/rds/aws4_request, SignedHeaders=amz-sdk-invocation-id;amz-sdk-request;content-length;content-type;host;x-amz-date, Signature=*****" net.peer.name=localhost net.peer.port=4566 rpc.system.name=aws-api tf_aws.signing_region="" aws.region=us-east-1 http.request.header.x_amz_date=20260810T051241Z tf_aws.sdk=aws-sdk-go-v2 tf_mux_provider="*schema.GRPCProviderServer" tf_provider_addr=registry.terraform.io/hashicorp/aws tf_resource_type=aws_db_instance tf_rpc=ReadResource timestamp=2026-08-10T00:12:41.171-0500
2026-08-10T00:12:41.171-0500 [DEBUG] provider.terraform-provider-aws_v6.58.0_x5.exe: HTTP Request Sent: tf_provider_addr=registry.terraform.io/hashicorp/aws tf_resource_type=aws_db_instance http.method=POST
  http.request.body=
  | Action=DescribeDBInstances&DBInstanceIdentifier=db-pedidos-tf&Version=2014-10-31
   http.request.header.amz_sdk_invocation_id=231f7bb7-16ca-4488-bfb9-a749ae8b70de net.peer.name=localhost tf_mux_provider="*schema.GRPCProviderServer" tf_rpc=ReadResource aws.region=us-east-1 http.request.header.amz_sdk_request="attempt=1; max=25" net.peer.port=4566 rpc.system.name=aws-api tf_aws.sdk=aws-sdk-go-v2 http.request.header.x_amz_date=20260810T051241Z http.request_content_length=80 @caller=github.com/hashicorp/aws-sdk-go-base/v2@v2.0.0-beta.73/logging/tf_logger.go:45 @module=aws http.request.header.authorization="AWS4-HMAC-SHA256 Credential=test/20260810/us-east-1/rds/aws4_request, SignedHeaders=amz-sdk-invocation-id;amz-sdk-request;content-length;content-type;host;x-amz-date, Signature=*****" http.url=http://localhost:4566/ tf_req_id=4d659663-6736-1ffb-3989-e9ca0e947d09 http.request.header.content_type=application/x-www-form-urlencoded http.user_agent="APN/1.0 HashiCorp/1.0 Terraform/1.15.7 (+https://www.terraform.io) terraform-provider-aws/6.58.0 (+https://registry.terraform.io/providers/hashicorp/aws) aws-sdk-go-v2/1.43.2 ua/2.1 os/windows lang/go#1.26.5 md/GOOS#windows md/GOARCH#amd64 api/rds#1.123.2 m/C,e" rpc.method=RDS/DescribeDBInstances tf_aws.signing_region="" timestamp=2026-08-10T00:12:41.171-0500
2026-08-10T00:12:41.174-0500 [DEBUG] provider.terraform-provider-aws_v6.58.0_x5.exe: HTTP Response Received: @module=aws http.duration=43 http.response.header.x_amz_request_id=54aaed7e-0033-45bf-8a74-3271ca6f1d1a http.status_code=200 tf_aws.signing_region="" tf_req_id=e08ccd59-24ab-aaea-218c-f10f1d748627 tf_resource_type=aws_instance aws.region=us-east-1 http.response.header.x_amzn_requestid=54aaed7e-0033-45bf-8a74-3271ca6f1d1a http.response_content_length=694 rpc.method=EC2/DescribeVpcs tf_aws.sdk=aws-sdk-go-v2 tf_provider_addr=registry.terraform.io/hashicorp/aws tf_rpc=ReadResource @caller=github.com/hashicorp/aws-sdk-go-base/v2@v2.0.0-beta.73/logging/tf_logger.go:45
  http.response.body=
  | <DescribeVpcsResponse xmlns="http://ec2.amazonaws.com/doc/2016-11-15/"><requestId>3329ac70-ec54-4fcf-8cba-8df83ce70f7b</requestId><vpcSet><item><vpcId>vpc-2348b1b1</vpcId><state>available</state><cidrBlock>10.0.0.0/16</cidrBlock><dhcpOptionsId>dopt-default</dhcpOptionsId><instanceTenancy>default</instanceTenancy><isDefault>false</isDefault><ownerId>000000000000</ownerId><cidrBlockAssociationSet><item><associationId>vpc-cidr-assoc-b146b6ae</associationId><cidrBlock>10.0.0.0/16</cidrBlock><cidrBlockState><state>associated</state></cidrBlockState></item></cidrBlockAssociationSet><tagSet><item><key>Name</key><value>curso-vpc-tf</value></item></tagSet></item></vpcSet></DescribeVpcsResponse>
   http.response.header.date="Mon, 10 Aug 2026 05:12:41 GMT" http.response.header.x_amz_id_2=54aaed7e-0033-45bf-8a74-3271ca6f1d1a tf_mux_provider="*schema.GRPCProviderServer" http.response.header.content_type=application/xml rpc.system.name=aws-api timestamp=2026-08-10T00:12:41.174-0500
2026-08-10T00:12:41.174-0500 [DEBUG] provider.terraform-provider-aws_v6.58.0_x5.exe: [DEBUG] Setting Security Group IDs: []string{"sg-c95eee0cd4d1626dc"}
2026-08-10T00:12:41.175-0500 [DEBUG] provider.terraform-provider-aws_v6.58.0_x5.exe: setting endpoint: rpc.system.name=aws-api tf_provider_addr=registry.terraform.io/hashicorp/aws aws.region=us-east-1 tf_req_id=e08ccd59-24ab-aaea-218c-f10f1d748627 tf_aws.endpoint="map[Headers:<nil> Properties:map[] URI:map[ForceQuery:false Fragment: Host: OmitHost:false Opaque: Path: RawFragment: RawPath: RawQuery: Scheme: User:<nil>]]" tf_aws.sdk=aws-sdk-go-v2 tf_resource_type=aws_instance @caller=github.com/hashicorp/terraform-provider-aws/internal/service/ec2/service_endpoint_resolver_gen.go:39 tf_mux_provider="*schema.GRPCProviderServer" tf_rpc=ReadResource @module=aws rpc.method=EC2/DescribeInstanceAttribute timestamp=2026-08-10T00:12:41.175-0500
2026-08-10T00:12:41.175-0500 [DEBUG] provider.terraform-provider-aws_v6.58.0_x5.exe: HTTP Request Sent: tf_mux_provider="*schema.GRPCProviderServer" tf_req_id=e08ccd59-24ab-aaea-218c-f10f1d748627 tf_resource_type=aws_instance @module=aws http.request.header.amz_sdk_request="attempt=1; max=25" http.user_agent="APN/1.0 HashiCorp/1.0 Terraform/1.15.7 (+https://www.terraform.io) terraform-provider-aws/6.58.0 (+https://registry.terraform.io/providers/hashicorp/aws) aws-sdk-go-v2/1.43.2 ua/2.1 os/windows lang/go#1.26.5 md/GOOS#windows md/GOARCH#amd64 api/ec2#1.318.0 m/e" net.peer.name=localhost net.peer.port=4566 rpc.method=EC2/DescribeInstanceAttribute rpc.system.name=aws-api http.request.header.x_amz_date=20260810T051241Z @caller=github.com/hashicorp/aws-sdk-go-base/v2@v2.0.0-beta.73/logging/tf_logger.go:45 aws.region=us-east-1
  http.request.body=
  | Action=DescribeInstanceAttribute&Attribute=instanceInitiatedShutdownBehavior&InstanceId=i-8f1c72f9929940f76&Version=2016-11-15
   http.request.header.amz_sdk_invocation_id=c58770c5-70d3-4ef0-b80e-c1bc0c05b57e http.url=http://localhost:4566/ tf_aws.signing_region="" tf_provider_addr=registry.terraform.io/hashicorp/aws http.request.header.authorization="AWS4-HMAC-SHA256 Credential=test/20260810/us-east-1/ec2/aws4_request, SignedHeaders=amz-sdk-invocation-id;amz-sdk-request;content-length;content-type;host;x-amz-date, Signature=*****" tf_aws.sdk=aws-sdk-go-v2 tf_rpc=ReadResource http.request_content_length=126 http.method=POST http.request.header.content_type=application/x-www-form-urlencoded timestamp=2026-08-10T00:12:41.175-0500
2026-08-10T00:12:41.178-0500 [DEBUG] provider.terraform-provider-aws_v6.58.0_x5.exe: HTTP Response Received: @module=aws aws.region=us-east-1
  http.response.body=
  | <DescribeTagsResponse xmlns="https://elasticloadbalancing.amazonaws.com/doc/2015-12-01/"><DescribeTagsResult><TagDescriptions><member><ResourceArn>arn:aws:elasticloadbalancing:us-east-1:000000000000:loadbalancer/app/curso-alb-tf/0be17ff83c3e4e05</ResourceArn><Tags></Tags></member></TagDescriptions></DescribeTagsResult><ResponseMetadata><RequestId>4232bc46-f52d-4bb2-aa0c-3377d526d25a</RequestId></ResponseMetadata></DescribeTagsResponse>
   http.response.header.x_amzn_requestid=9c983cba-1b1b-46df-9dac-e68c61f86527 tf_mux_provider="*schema.GRPCProviderServer" tf_req_id=4a6feffd-3337-f306-62f7-39b55225f300 http.duration=43 http.response.header.x_amz_request_id=9c983cba-1b1b-46df-9dac-e68c61f86527 http.status_code=200 tf_aws.signing_region="" tf_rpc=ReadResource http.response_content_length=439 rpc.method="Elastic Load Balancing v2/DescribeTags" rpc.system.name=aws-api tf_aws.sdk=aws-sdk-go-v2 tf_resource_type=aws_lb @caller=github.com/hashicorp/aws-sdk-go-base/v2@v2.0.0-beta.73/logging/tf_logger.go:45 http.response.header.content_type=application/xml http.response.header.date="Mon, 10 Aug 2026 05:12:41 GMT" http.response.header.x_amz_id_2=9c983cba-1b1b-46df-9dac-e68c61f86527 tf_provider_addr=registry.terraform.io/hashicorp/aws timestamp=2026-08-10T00:12:41.178-0500
2026-08-10T00:12:41.178-0500 [DEBUG] provider.terraform-provider-aws_v6.58.0_x5.exe: HTTP Response Received: aws.region=us-east-1 http.response.header.x_amz_id_2=312ece0c-7438-4d32-b325-4006b1d736dd http.response.header.x_amz_request_id=312ece0c-7438-4d32-b325-4006b1d736dd http.response.header.x_amzn_requestid=312ece0c-7438-4d32-b325-4006b1d736dd http.response_content_length=694 @module=aws
  http.response.body=
  | <DescribeVpcsResponse xmlns="http://ec2.amazonaws.com/doc/2016-11-15/"><requestId>679b46e8-3e9d-404a-b465-034680307631</requestId><vpcSet><item><vpcId>vpc-2348b1b1</vpcId><state>available</state><cidrBlock>10.0.0.0/16</cidrBlock><dhcpOptionsId>dopt-default</dhcpOptionsId><instanceTenancy>default</instanceTenancy><isDefault>false</isDefault><ownerId>000000000000</ownerId><cidrBlockAssociationSet><item><associationId>vpc-cidr-assoc-b146b6ae</associationId><cidrBlock>10.0.0.0/16</cidrBlock><cidrBlockState><state>associated</state></cidrBlockState></item></cidrBlockAssociationSet><tagSet><item><key>Name</key><value>curso-vpc-tf</value></item></tagSet></item></vpcSet></DescribeVpcsResponse>
   tf_aws.sdk=aws-sdk-go-v2 tf_aws.signing_region="" tf_provider_addr=registry.terraform.io/hashicorp/aws tf_rpc=ReadResource http.duration=43 http.response.header.content_type=application/xml http.response.header.date="Mon, 10 Aug 2026 05:12:41 GMT" rpc.method=EC2/DescribeVpcs rpc.system.name=aws-api tf_req_id=022d81b2-4025-3723-bfd4-05e115ecf5ef tf_resource_type=aws_instance @caller=github.com/hashicorp/aws-sdk-go-base/v2@v2.0.0-beta.73/logging/tf_logger.go:45 http.status_code=200 tf_mux_provider="*schema.GRPCProviderServer" timestamp=2026-08-10T00:12:41.178-0500
2026-08-10T00:12:41.178-0500 [DEBUG] provider.terraform-provider-aws_v6.58.0_x5.exe: [DEBUG] Setting Security Group IDs: []string{"sg-c95eee0cd4d1626dc"}
2026-08-10T00:12:41.178-0500 [DEBUG] provider.terraform-provider-aws_v6.58.0_x5.exe: setting endpoint: tf_aws.sdk=aws-sdk-go-v2 tf_mux_provider="*schema.GRPCProviderServer" tf_req_id=022d81b2-4025-3723-bfd4-05e115ecf5ef tf_rpc=ReadResource aws.region=us-east-1 @module=aws rpc.method=EC2/DescribeInstanceAttribute @caller=github.com/hashicorp/terraform-provider-aws/internal/service/ec2/service_endpoint_resolver_gen.go:39 rpc.system.name=aws-api tf_provider_addr=registry.terraform.io/hashicorp/aws tf_resource_type=aws_instance tf_aws.endpoint="map[Headers:<nil> Properties:map[] URI:map[ForceQuery:false Fragment: Host: OmitHost:false Opaque: Path: RawFragment: RawPath: RawQuery: Scheme: User:<nil>]]" timestamp=2026-08-10T00:12:41.178-0500
2026-08-10T00:12:41.179-0500 [DEBUG] provider.terraform-provider-aws_v6.58.0_x5.exe: HTTP Request Sent: @caller=github.com/hashicorp/aws-sdk-go-base/v2@v2.0.0-beta.73/logging/tf_logger.go:45
  http.request.body=
  | Action=DescribeInstanceAttribute&Attribute=instanceInitiatedShutdownBehavior&InstanceId=i-7b80c4ed9b4b302a8&Version=2016-11-15
   http.request.header.amz_sdk_request="attempt=1; max=25" http.request.header.x_amz_date=20260810T051241Z rpc.system.name=aws-api tf_aws.sdk=aws-sdk-go-v2 tf_rpc=ReadResource @module=aws http.method=POST http.request.header.amz_sdk_invocation_id=0b174f59-52c2-4143-a6c1-af7636f17e71 http.request.header.authorization="AWS4-HMAC-SHA256 Credential=test/20260810/us-east-1/ec2/aws4_request, SignedHeaders=amz-sdk-invocation-id;amz-sdk-request;content-length;content-type;host;x-amz-date, Signature=*****" http.request.header.content_type=application/x-www-form-urlencoded rpc.method=EC2/DescribeInstanceAttribute aws.region=us-east-1 http.url=http://localhost:4566/ net.peer.name=localhost tf_mux_provider="*schema.GRPCProviderServer" tf_provider_addr=registry.terraform.io/hashicorp/aws tf_req_id=022d81b2-4025-3723-bfd4-05e115ecf5ef tf_resource_type=aws_instance http.request_content_length=126 http.user_agent="APN/1.0 HashiCorp/1.0 Terraform/1.15.7 (+https://www.terraform.io) terraform-provider-aws/6.58.0 (+https://registry.terraform.io/providers/hashicorp/aws) aws-sdk-go-v2/1.43.2 ua/2.1 os/windows lang/go#1.26.5 md/GOOS#windows md/GOARCH#amd64 api/ec2#1.318.0 m/e" net.peer.port=4566 tf_aws.signing_region="" timestamp=2026-08-10T00:12:41.178-0500
2026-08-10T00:12:41.183-0500 [WARN]  Provider "registry.terraform.io/hashicorp/aws" produced an invalid plan for aws_lb.main, but we are tolerating it because it is using the legacy plugin SDK.
    The following problems may be the cause of any confusing errors from downstream operations:
      - .xff_header_processing_mode: planned value cty.StringVal("append") for a non-computed attribute
      - .drop_invalid_header_fields: planned value cty.False for a non-computed attribute
      - .enable_http2: planned value cty.True for a non-computed attribute
      - .idle_timeout: planned value cty.NumberIntVal(60) for a non-computed attribute
      - .enable_xff_client_port: planned value cty.False for a non-computed attribute
      - .preserve_host_header: planned value cty.False for a non-computed attribute
      - .tags: planned value cty.MapValEmpty(cty.String) for a non-computed attribute
      - .enable_waf_fail_open: planned value cty.False for a non-computed attribute
      - .enable_zonal_shift: planned value cty.False for a non-computed attribute
      - .client_keep_alive: planned value cty.NumberIntVal(3600) for a non-computed attribute
      - .enable_tls_version_and_cipher_suite_headers: planned value cty.False for a non-computed attribute
      - .customer_owned_ipv4_pool: planned value cty.StringVal("") for a non-computed attribute
      - .desync_mitigation_mode: planned value cty.StringVal("defensive") for a non-computed attribute
      - .enable_deletion_protection: planned value cty.False for a non-computed attribute
      - .access_logs: block count in plan (1) disagrees with count in config (0)
      - .connection_logs: block count in plan (1) disagrees with count in config (0)
      - .health_check_logs: block count in plan (1) disagrees with count in config (0)
2026-08-10T00:12:41.184-0500 [DEBUG] ReferenceTransformer: "aws_lb_listener.http" references: []
2026-08-10T00:12:41.186-0500 [DEBUG] provider.terraform-provider-aws_v6.58.0_x5.exe: setting endpoint: rpc.method="Elastic Load Balancing v2/DescribeListeners" rpc.system.name=aws-api @caller=github.com/hashicorp/terraform-provider-aws/internal/service/elbv2/service_endpoint_resolver_gen.go:39 @module=aws aws.region=us-east-1 tf_aws.endpoint="map[Headers:<nil> Properties:map[] URI:map[ForceQuery:false Fragment: Host: OmitHost:false Opaque: Path: RawFragment: RawPath: RawQuery: Scheme: User:<nil>]]" tf_mux_provider="*schema.GRPCProviderServer" tf_provider_addr=registry.terraform.io/hashicorp/aws tf_req_id=59038a3e-b78f-712e-0cff-70f8e4ca3bcc tf_rpc=ReadResource tf_aws.sdk=aws-sdk-go-v2 tf_resource_type=aws_lb_listener timestamp=2026-08-10T00:12:41.185-0500
2026-08-10T00:12:41.186-0500 [DEBUG] provider.terraform-provider-aws_v6.58.0_x5.exe: HTTP Request Sent: http.request.header.amz_sdk_invocation_id=5328702f-72fd-484f-bb06-69b04aee2bcb http.request.header.amz_sdk_request="attempt=1; max=25" http.request.header.x_amz_date=20260810T051241Z http.user_agent="APN/1.0 HashiCorp/1.0 Terraform/1.15.7 (+https://www.terraform.io) terraform-provider-aws/6.58.0 (+https://registry.terraform.io/providers/hashicorp/aws) aws-sdk-go-v2/1.43.2 ua/2.1 os/windows lang/go#1.26.5 md/GOOS#windows md/GOARCH#amd64 api/elasticloadbalancingv2#1.58.3 m/C,e" net.peer.name=localhost net.peer.port=4566 http.method=POST
  http.request.body=
  | Action=DescribeListeners&ListenerArns.member.1=arn%3Aaws%3Aelasticloadbalancing%3Aus-east-1%3A000000000000%3Alistener%2Fapp%2Fcurso-alb-tf%2F0be17ff83c3e4e05%2F97693c5d2aa04561&Version=2015-12-01
   http.request_content_length=195 http.url=http://localhost:4566/ rpc.method="Elastic Load Balancing v2/DescribeListeners" rpc.system.name=aws-api tf_mux_provider="*schema.GRPCProviderServer" @module=aws aws.region=us-east-1 http.request.header.authorization="AWS4-HMAC-SHA256 Credential=test/20260810/us-east-1/elasticloadbalancing/aws4_request, SignedHeaders=amz-sdk-invocation-id;amz-sdk-request;content-length;content-type;host;x-amz-date, Signature=*****" tf_aws.sdk=aws-sdk-go-v2 tf_aws.signing_region="" tf_provider_addr=registry.terraform.io/hashicorp/aws tf_req_id=59038a3e-b78f-712e-0cff-70f8e4ca3bcc tf_resource_type=aws_lb_listener http.request.header.content_type=application/x-www-form-urlencoded tf_rpc=ReadResource @caller=github.com/hashicorp/aws-sdk-go-base/v2@v2.0.0-beta.73/logging/tf_logger.go:45 timestamp=2026-08-10T00:12:41.186-0500
2026-08-10T00:12:41.215-0500 [DEBUG] provider.terraform-provider-aws_v6.58.0_x5.exe: HTTP Response Received: tf_mux_provider="*schema.GRPCProviderServer" tf_rpc=ReadResource @module=aws aws.region=us-east-1 http.duration=43
  http.response.body=
  | <DescribeDBInstancesResponse xmlns="http://rds.amazonaws.com/doc/2014-10-31/"><DescribeDBInstancesResult><DBInstances><DBInstance><DBInstanceIdentifier>db-pedidos-tf</DBInstanceIdentifier><DBInstanceStatus>available</DBInstanceStatus><Engine>postgres</Engine><EngineVersion></EngineVersion><MasterUsername>admin</MasterUsername><DBInstanceClass>db.t3.micro</DBInstanceClass><AllocatedStorage>20</AllocatedStorage><Endpoint><Address>172.18.0.2</Address><Port>7003</Port></Endpoint><IAMDatabaseAuthenticationEnabled>false</IAMDatabaseAuthenticationEnabled><MultiAZ>false</MultiAZ><StorageType>gp2</StorageType><PubliclyAccessible>false</PubliclyAccessible><AvailabilityZone>us-east-1a</AvailabilityZone><PreferredMaintenanceWindow>mon:00:00-mon:03:00</PreferredMaintenanceWindow><PreferredBackupWindow>04:00-06:00</PreferredBackupWindow><VpcSecurityGroups><VpcSecurityGroupMembership><VpcSecurityGroupId>sg-00000000</VpcSecurityGroupId><Status>active</Status></VpcSecurityGroupMembership></VpcSecurityGroups><DBParameterGroups><DBParameterGroup><DBParameterGroupName>default.postgres16</DBParameterGroupName><ParameterApplyStatus>in-sync</ParameterApplyStatus></DBParameterGroup></DBParameterGroups><DBSubnetGroup><DBSubnetGroupName>curso-db-tf</DBSubnetGroupName><DBSubnetGroupDescription>Managed by Terraform</DBSubnetGroupDescription><VpcId>vpc-2348b1b1</VpcId><SubnetGroupStatus>Complete</SubnetGroupStatus><DBSubnetGroupArn>arn:aws:rds:us-east-1:000000000000:subgrp:curso-db-tf</DBSubnetGroupArn><Subnets><Subnet><SubnetIdentifier>subnet-e4686fb6</SubnetIdentifier><SubnetAvailabilityZone><Name>us-east-1a</Name></SubnetAvailabilityZone><SubnetStatus>Active</SubnetStatus></Subnet><Subnet><SubnetIdentifier>subnet-97d81388</SubnetIdentifier><SubnetAvailabilityZone><Name>us-east-1b</Name></SubnetAvailabilityZone><SubnetStatus>Active</SubnetStatus></Subnet></Subnets></DBSubnetGroup><DbiResourceId>db-33D6794DC72548C78BB27B45</DbiResourceId><DBInstanceArn>arn:aws:rds:us-east-1:000000000000:db:db-pedidos-tf</DBInstanceArn><TagList></TagList></DBInstance></DBInstances><Marker></Marker></DescribeDBInstancesResult><ResponseMetadata><RequestId>d8afdbf5-6814-48f3-98e5-4c9f156e8151</RequestId></ResponseMetadata></DescribeDBInstancesResponse>
   http.response.header.x_amz_id_2=729f50a5-8f23-4179-a11c-cf62fb5cb114 http.response.header.x_amzn_requestid=729f50a5-8f23-4179-a11c-cf62fb5cb114 http.status_code=200 http.response_content_length=2243 rpc.method=RDS/DescribeDBInstances rpc.system.name=aws-api tf_aws.signing_region="" tf_provider_addr=registry.terraform.io/hashicorp/aws tf_req_id=4d659663-6736-1ffb-3989-e9ca0e947d09 tf_resource_type=aws_db_instance @caller=github.com/hashicorp/aws-sdk-go-base/v2@v2.0.0-beta.73/logging/tf_logger.go:45 http.response.header.content_type=application/xml http.response.header.date="Mon, 10 Aug 2026 05:12:41 GMT" http.response.header.x_amz_request_id=729f50a5-8f23-4179-a11c-cf62fb5cb114 tf_aws.sdk=aws-sdk-go-v2 timestamp=2026-08-10T00:12:41.215-0500
2026-08-10T00:12:41.215-0500 [DEBUG] provider.terraform-provider-aws_v6.58.0_x5.exe: HTTP Response Received: rpc.system.name=aws-api tf_aws.sdk=aws-sdk-go-v2 tf_req_id=5e4dd127-96bc-20dd-5a7c-c73dcdf30517 tf_resource_type=aws_db_instance aws.region=us-east-1 http.duration=43 http.response.header.x_amz_id_2=b5ca5536-e3c4-4586-9b88-9b076fa0c91d http.response.header.x_amz_request_id=b5ca5536-e3c4-4586-9b88-9b076fa0c91d tf_aws.signing_region="" @caller=github.com/hashicorp/aws-sdk-go-base/v2@v2.0.0-beta.73/logging/tf_logger.go:45 http.response.header.content_type=application/xml http.response_content_length=2242 tf_rpc=ReadResource @module=aws
  http.response.body=
  | <DescribeDBInstancesResponse xmlns="http://rds.amazonaws.com/doc/2014-10-31/"><DescribeDBInstancesResult><DBInstances><DBInstance><DBInstanceIdentifier>db-inventario-tf</DBInstanceIdentifier><DBInstanceStatus>available</DBInstanceStatus><Engine>mysql</Engine><EngineVersion></EngineVersion><MasterUsername>admin</MasterUsername><DBInstanceClass>db.t3.micro</DBInstanceClass><AllocatedStorage>20</AllocatedStorage><Endpoint><Address>172.18.0.2</Address><Port>7004</Port></Endpoint><IAMDatabaseAuthenticationEnabled>false</IAMDatabaseAuthenticationEnabled><MultiAZ>false</MultiAZ><StorageType>gp2</StorageType><PubliclyAccessible>false</PubliclyAccessible><AvailabilityZone>us-east-1a</AvailabilityZone><PreferredMaintenanceWindow>mon:00:00-mon:03:00</PreferredMaintenanceWindow><PreferredBackupWindow>04:00-06:00</PreferredBackupWindow><VpcSecurityGroups><VpcSecurityGroupMembership><VpcSecurityGroupId>sg-00000000</VpcSecurityGroupId><Status>active</Status></VpcSecurityGroupMembership></VpcSecurityGroups><DBParameterGroups><DBParameterGroup><DBParameterGroupName>default.mysql8</DBParameterGroupName><ParameterApplyStatus>in-sync</ParameterApplyStatus></DBParameterGroup></DBParameterGroups><DBSubnetGroup><DBSubnetGroupName>curso-db-tf</DBSubnetGroupName><DBSubnetGroupDescription>Managed by Terraform</DBSubnetGroupDescription><VpcId>vpc-2348b1b1</VpcId><SubnetGroupStatus>Complete</SubnetGroupStatus><DBSubnetGroupArn>arn:aws:rds:us-east-1:000000000000:subgrp:curso-db-tf</DBSubnetGroupArn><Subnets><Subnet><SubnetIdentifier>subnet-e4686fb6</SubnetIdentifier><SubnetAvailabilityZone><Name>us-east-1a</Name></SubnetAvailabilityZone><SubnetStatus>Active</SubnetStatus></Subnet><Subnet><SubnetIdentifier>subnet-97d81388</SubnetIdentifier><SubnetAvailabilityZone><Name>us-east-1b</Name></SubnetAvailabilityZone><SubnetStatus>Active</SubnetStatus></Subnet></Subnets></DBSubnetGroup><DbiResourceId>db-4B196AD48A814D01BEA7766B</DbiResourceId><DBInstanceArn>arn:aws:rds:us-east-1:000000000000:db:db-inventario-tf</DBInstanceArn><TagList></TagList></DBInstance></DBInstances><Marker></Marker></DescribeDBInstancesResult><ResponseMetadata><RequestId>ee0fbcc1-7eda-42e9-94a5-846d563604d2</RequestId></ResponseMetadata></DescribeDBInstancesResponse>
   http.response.header.date="Mon, 10 Aug 2026 05:12:41 GMT" http.response.header.x_amzn_requestid=b5ca5536-e3c4-4586-9b88-9b076fa0c91d rpc.method=RDS/DescribeDBInstances tf_mux_provider="*schema.GRPCProviderServer" tf_provider_addr=registry.terraform.io/hashicorp/aws http.status_code=200 timestamp=2026-08-10T00:12:41.215-0500
2026-08-10T00:12:41.218-0500 [DEBUG] provider.terraform-provider-aws_v6.58.0_x5.exe: HTTP Response Received: @module=aws http.status_code=200 rpc.method=EC2/DescribeInstanceAttribute tf_req_id=e08ccd59-24ab-aaea-218c-f10f1d748627 rpc.system.name=aws-api aws.region=us-east-1
  http.response.body=
  | <DescribeInstanceAttributeResponse xmlns="http://ec2.amazonaws.com/doc/2016-11-15/"><requestId>0d9b814b-a126-4d2d-a8aa-66918f8f6754</requestId><instanceId>i-8f1c72f9929940f76</instanceId></DescribeInstanceAttributeResponse>
   http.response.header.content_type=application/xml http.response.header.x_amz_request_id=cbdfe6c7-6c24-4f62-a2f2-8b5a41f868e4 tf_aws.sdk=aws-sdk-go-v2 tf_aws.signing_region="" tf_provider_addr=registry.terraform.io/hashicorp/aws tf_resource_type=aws_instance @caller=github.com/hashicorp/aws-sdk-go-base/v2@v2.0.0-beta.73/logging/tf_logger.go:45 http.duration=43 http.response.header.date="Mon, 10 Aug 2026 05:12:41 GMT" http.response.header.x_amz_id_2=cbdfe6c7-6c24-4f62-a2f2-8b5a41f868e4 http.response_content_length=223 tf_mux_provider="*schema.GRPCProviderServer" tf_rpc=ReadResource http.response.header.x_amzn_requestid=cbdfe6c7-6c24-4f62-a2f2-8b5a41f868e4 timestamp=2026-08-10T00:12:41.218-0500
2026-08-10T00:12:41.218-0500 [DEBUG] provider.terraform-provider-aws_v6.58.0_x5.exe: setting endpoint: @caller=github.com/hashicorp/terraform-provider-aws/internal/service/ec2/service_endpoint_resolver_gen.go:39 rpc.system.name=aws-api tf_mux_provider="*schema.GRPCProviderServer" tf_resource_type=aws_instance tf_rpc=ReadResource @module=aws tf_aws.endpoint="map[Headers:<nil> Properties:map[] URI:map[ForceQuery:false Fragment: Host: OmitHost:false Opaque: Path: RawFragment: RawPath: RawQuery: Scheme: User:<nil>]]" tf_aws.sdk=aws-sdk-go-v2 tf_req_id=e08ccd59-24ab-aaea-218c-f10f1d748627 tf_provider_addr=registry.terraform.io/hashicorp/aws aws.region=us-east-1 rpc.method=EC2/DescribeVolumes timestamp=2026-08-10T00:12:41.218-0500
2026-08-10T00:12:41.218-0500 [DEBUG] provider.terraform-provider-aws_v6.58.0_x5.exe: HTTP Request Sent: @module=aws
  http.request.body=
  | Action=DescribeVolumes&Version=2016-11-15&VolumeId.1=vol-533f446a48b27fabc
   http.request.header.content_type=application/x-www-form-urlencoded http.request.header.x_amz_date=20260810T051241Z net.peer.name=localhost rpc.system.name=aws-api tf_aws.signing_region="" tf_mux_provider="*schema.GRPCProviderServer" rpc.method=EC2/DescribeVolumes tf_aws.sdk=aws-sdk-go-v2 tf_provider_addr=registry.terraform.io/hashicorp/aws tf_req_id=e08ccd59-24ab-aaea-218c-f10f1d748627 aws.region=us-east-1 http.request.header.amz_sdk_invocation_id=9f01ffdb-2d74-4a8b-85b7-126a3d0deaee http.request.header.amz_sdk_request="attempt=1; max=25" http.request.header.authorization="AWS4-HMAC-SHA256 Credential=test/20260810/us-east-1/ec2/aws4_request, SignedHeaders=amz-sdk-invocation-id;amz-sdk-request;content-length;content-type;host;x-amz-date, Signature=*****" net.peer.port=4566 tf_resource_type=aws_instance @caller=github.com/hashicorp/aws-sdk-go-base/v2@v2.0.0-beta.73/logging/tf_logger.go:45 http.method=POST http.request_content_length=74 http.url=http://localhost:4566/ http.user_agent="APN/1.0 HashiCorp/1.0 Terraform/1.15.7 (+https://www.terraform.io) terraform-provider-aws/6.58.0 (+https://registry.terraform.io/providers/hashicorp/aws) aws-sdk-go-v2/1.43.2 ua/2.1 os/windows lang/go#1.26.5 md/GOOS#windows md/GOARCH#amd64 api/ec2#1.318.0 m/e" tf_rpc=ReadResource timestamp=2026-08-10T00:12:41.218-0500
2026-08-10T00:12:41.222-0500 [WARN]  Provider "registry.terraform.io/hashicorp/aws" produced an invalid plan for aws_db_instance.pedidos, but we are tolerating it because it is using the legacy plugin SDK.
    The following problems may be the cause of any confusing errors from downstream operations:
      - .publicly_accessible: planned value cty.False for a non-computed attribute
      - .auto_minor_version_upgrade: planned value cty.True for a non-computed attribute
      - .apply_immediately: planned value cty.False for a non-computed attribute
      - .copy_tags_to_snapshot: planned value cty.False for a non-computed attribute
      - .delete_automated_backups: planned value cty.True for a non-computed attribute
      - .performance_insights_enabled: planned value cty.False for a non-computed attribute
      - .monitoring_interval: planned value cty.NumberIntVal(0) for a non-computed attribute
      - .dedicated_log_volume: planned value cty.False for a non-computed attribute
2026-08-10T00:12:41.222-0500 [WARN]  Provider "registry.terraform.io/hashicorp/aws" produced an invalid plan for aws_db_instance.inventario, but we are tolerating it because it is using the legacy plugin SDK.
    The following problems may be the cause of any confusing errors from downstream operations:
      - .dedicated_log_volume: planned value cty.False for a non-computed attribute
      - .publicly_accessible: planned value cty.False for a non-computed attribute
      - .auto_minor_version_upgrade: planned value cty.True for a non-computed attribute
      - .apply_immediately: planned value cty.False for a non-computed attribute
      - .copy_tags_to_snapshot: planned value cty.False for a non-computed attribute
      - .delete_automated_backups: planned value cty.True for a non-computed attribute
      - .performance_insights_enabled: planned value cty.False for a non-computed attribute
      - .monitoring_interval: planned value cty.NumberIntVal(0) for a non-computed attribute
2026-08-10T00:12:41.223-0500 [DEBUG] provider.terraform-provider-aws_v6.58.0_x5.exe: HTTP Response Received:
  http.response.body=
  | <DescribeInstanceAttributeResponse xmlns="http://ec2.amazonaws.com/doc/2016-11-15/"><requestId>08e650a4-fce5-4f0b-b922-1612a455037b</requestId><instanceId>i-7b80c4ed9b4b302a8</instanceId></DescribeInstanceAttributeResponse>
   http.response.header.content_type=application/xml http.status_code=200 rpc.method=EC2/DescribeInstanceAttribute rpc.system.name=aws-api @module=aws http.response.header.x_amz_id_2=fcc9d160-3517-4637-b3ff-a9ccf97cfaf1 http.response.header.x_amzn_requestid=fcc9d160-3517-4637-b3ff-a9ccf97cfaf1 tf_aws.sdk=aws-sdk-go-v2 tf_mux_provider="*schema.GRPCProviderServer" tf_req_id=022d81b2-4025-3723-bfd4-05e115ecf5ef tf_rpc=ReadResource @caller=github.com/hashicorp/aws-sdk-go-base/v2@v2.0.0-beta.73/logging/tf_logger.go:45 http.response.header.date="Mon, 10 Aug 2026 05:12:41 GMT" tf_aws.signing_region="" tf_provider_addr=registry.terraform.io/hashicorp/aws tf_resource_type=aws_instance http.response.header.x_amz_request_id=fcc9d160-3517-4637-b3ff-a9ccf97cfaf1 http.response_content_length=223 aws.region=us-east-1 http.duration=43 timestamp=2026-08-10T00:12:41.223-0500
2026-08-10T00:12:41.223-0500 [DEBUG] provider.terraform-provider-aws_v6.58.0_x5.exe: setting endpoint: tf_aws.endpoint="map[Headers:<nil> Properties:map[] URI:map[ForceQuery:false Fragment: Host: OmitHost:false Opaque: Path: RawFragment: RawPath: RawQuery: Scheme: User:<nil>]]" tf_provider_addr=registry.terraform.io/hashicorp/aws tf_req_id=022d81b2-4025-3723-bfd4-05e115ecf5ef tf_aws.sdk=aws-sdk-go-v2 @caller=github.com/hashicorp/terraform-provider-aws/internal/service/ec2/service_endpoint_resolver_gen.go:39 @module=aws tf_resource_type=aws_instance tf_rpc=ReadResource aws.region=us-east-1 rpc.method=EC2/DescribeVolumes rpc.system.name=aws-api tf_mux_provider="*schema.GRPCProviderServer" timestamp=2026-08-10T00:12:41.223-0500
2026-08-10T00:12:41.223-0500 [DEBUG] provider.terraform-provider-aws_v6.58.0_x5.exe: HTTP Request Sent:
  http.request.body=
  | Action=DescribeVolumes&Version=2016-11-15&VolumeId.1=vol-048e9b3d109ba5236
   http.request.header.amz_sdk_request="attempt=1; max=25" http.request.header.authorization="AWS4-HMAC-SHA256 Credential=test/20260810/us-east-1/ec2/aws4_request, SignedHeaders=amz-sdk-invocation-id;amz-sdk-request;content-length;content-type;host;x-amz-date, Signature=*****" rpc.method=EC2/DescribeVolumes rpc.system.name=aws-api tf_mux_provider="*schema.GRPCProviderServer" @module=aws http.method=POST http.request.header.x_amz_date=20260810T051241Z http.request_content_length=74 http.url=http://localhost:4566/ http.user_agent="APN/1.0 HashiCorp/1.0 Terraform/1.15.7 (+https://www.terraform.io) terraform-provider-aws/6.58.0 (+https://registry.terraform.io/providers/hashicorp/aws) aws-sdk-go-v2/1.43.2 ua/2.1 os/windows lang/go#1.26.5 md/GOOS#windows md/GOARCH#amd64 api/ec2#1.318.0 m/e" net.peer.port=4566 @caller=github.com/hashicorp/aws-sdk-go-base/v2@v2.0.0-beta.73/logging/tf_logger.go:45 aws.region=us-east-1 net.peer.name=localhost tf_provider_addr=registry.terraform.io/hashicorp/aws tf_req_id=022d81b2-4025-3723-bfd4-05e115ecf5ef tf_resource_type=aws_instance tf_rpc=ReadResource http.request.header.amz_sdk_invocation_id=901010b2-f3d1-485e-b7b4-19d99f4a14ea http.request.header.content_type=application/x-www-form-urlencoded tf_aws.sdk=aws-sdk-go-v2 tf_aws.signing_region="" timestamp=2026-08-10T00:12:41.223-0500
2026-08-10T00:12:41.231-0500 [DEBUG] provider.terraform-provider-aws_v6.58.0_x5.exe: HTTP Response Received: http.duration=44 http.response.header.x_amzn_requestid=7e516bdb-ddcf-4a8f-8adf-d136a0b95870 http.status_code=200 rpc.system.name=aws-api @module=aws http.response.header.date="Mon, 10 Aug 2026 05:12:41 GMT" tf_aws.sdk=aws-sdk-go-v2 tf_mux_provider="*schema.GRPCProviderServer" tf_req_id=59038a3e-b78f-712e-0cff-70f8e4ca3bcc @caller=github.com/hashicorp/aws-sdk-go-base/v2@v2.0.0-beta.73/logging/tf_logger.go:45 http.response.header.content_type=application/xml http.response.header.x_amz_id_2=7e516bdb-ddcf-4a8f-8adf-d136a0b95870 http.response_content_length=937 rpc.method="Elastic Load Balancing v2/DescribeListeners" tf_provider_addr=registry.terraform.io/hashicorp/aws
  http.response.body=
  | <DescribeListenersResponse xmlns="https://elasticloadbalancing.amazonaws.com/doc/2015-12-01/"><DescribeListenersResult><Listeners><member><ListenerArn>arn:aws:elasticloadbalancing:us-east-1:000000000000:listener/app/curso-alb-tf/0be17ff83c3e4e05/97693c5d2aa04561</ListenerArn><LoadBalancerArn>arn:aws:elasticloadbalancing:us-east-1:000000000000:loadbalancer/app/curso-alb-tf/0be17ff83c3e4e05</LoadBalancerArn><Port>80</Port><Protocol>HTTP</Protocol><SslPolicy></SslPolicy><Certificates></Certificates><DefaultActions><member><Type>forward</Type><Order>1</Order><TargetGroupArn>arn:aws:elasticloadbalancing:us-east-1:000000000000:targetgroup/curso-web-tg-tf/8792dc8617e84eaa</TargetGroupArn></member></DefaultActions><AlpnPolicy></AlpnPolicy></member></Listeners><NextMarker></NextMarker></DescribeListenersResult><ResponseMetadata><RequestId>ee733562-a87f-44c0-9e98-30f008c7b0c6</RequestId></ResponseMetadata></DescribeListenersResponse>
   http.response.header.x_amz_request_id=7e516bdb-ddcf-4a8f-8adf-d136a0b95870 tf_aws.signing_region="" tf_resource_type=aws_lb_listener tf_rpc=ReadResource aws.region=us-east-1 timestamp=2026-08-10T00:12:41.231-0500
2026-08-10T00:12:41.231-0500 [DEBUG] provider.terraform-provider-aws_v6.58.0_x5.exe: setting endpoint: tf_req_id=59038a3e-b78f-712e-0cff-70f8e4ca3bcc tf_resource_type=aws_lb_listener aws.region=us-east-1 tf_aws.endpoint="map[Headers:<nil> Properties:map[] URI:map[ForceQuery:false Fragment: Host: OmitHost:false Opaque: Path: RawFragment: RawPath: RawQuery: Scheme: User:<nil>]]" tf_mux_provider="*schema.GRPCProviderServer" tf_provider_addr=registry.terraform.io/hashicorp/aws tf_rpc=ReadResource @caller=github.com/hashicorp/terraform-provider-aws/internal/service/elbv2/service_endpoint_resolver_gen.go:39 @module=aws rpc.method="Elastic Load Balancing v2/DescribeListenerAttributes" rpc.system.name=aws-api tf_aws.sdk=aws-sdk-go-v2 timestamp=2026-08-10T00:12:41.231-0500
2026-08-10T00:12:41.231-0500 [DEBUG] provider.terraform-provider-aws_v6.58.0_x5.exe: HTTP Request Sent: http.method=POST
  http.request.body=
  | Action=DescribeListenerAttributes&ListenerArn=arn%3Aaws%3Aelasticloadbalancing%3Aus-east-1%3A000000000000%3Alistener%2Fapp%2Fcurso-alb-tf%2F0be17ff83c3e4e05%2F97693c5d2aa04561&Version=2015-12-01
   http.request.header.amz_sdk_request="attempt=1; max=25" http.request.header.authorization="AWS4-HMAC-SHA256 Credential=test/20260810/us-east-1/elasticloadbalancing/aws4_request, SignedHeaders=amz-sdk-invocation-id;amz-sdk-request;content-length;content-type;host;x-amz-date, Signature=*****" tf_mux_provider="*schema.GRPCProviderServer" @module=aws aws.region=us-east-1 http.request.header.x_amz_date=20260810T051241Z net.peer.port=4566 rpc.system.name=aws-api tf_req_id=59038a3e-b78f-712e-0cff-70f8e4ca3bcc tf_resource_type=aws_lb_listener http.request.header.amz_sdk_invocation_id=20cf75c8-11c3-4ec4-acde-d32652b81855 http.user_agent="APN/1.0 HashiCorp/1.0 Terraform/1.15.7 (+https://www.terraform.io) terraform-provider-aws/6.58.0 (+https://registry.terraform.io/providers/hashicorp/aws) aws-sdk-go-v2/1.43.2 ua/2.1 os/windows lang/go#1.26.5 md/GOOS#windows md/GOARCH#amd64 api/elasticloadbalancingv2#1.58.3 m/e" net.peer.name=localhost tf_provider_addr=registry.terraform.io/hashicorp/aws tf_rpc=ReadResource http.request.header.content_type=application/x-www-form-urlencoded http.url=http://localhost:4566/ rpc.method="Elastic Load Balancing v2/DescribeListenerAttributes" tf_aws.sdk=aws-sdk-go-v2 tf_aws.signing_region="" http.request_content_length=194 @caller=github.com/hashicorp/aws-sdk-go-base/v2@v2.0.0-beta.73/logging/tf_logger.go:45 timestamp=2026-08-10T00:12:41.231-0500
2026-08-10T00:12:41.263-0500 [DEBUG] provider.terraform-provider-aws_v6.58.0_x5.exe: HTTP Response Received: http.response.header.x_amzn_requestid=d8b2141c-71f6-4a52-a053-e693103e20af tf_provider_addr=registry.terraform.io/hashicorp/aws tf_req_id=e08ccd59-24ab-aaea-218c-f10f1d748627 @caller=github.com/hashicorp/aws-sdk-go-base/v2@v2.0.0-beta.73/logging/tf_logger.go:45
  http.response.body=
  | <DescribeVolumesResponse xmlns="http://ec2.amazonaws.com/doc/2016-11-15/"><requestId>13ed8434-b93f-413f-8b89-68441a3ec79b</requestId><volumeSet><item><volumeId>vol-533f446a48b27fabc</volumeId><size>8</size><volumeType>gp3</volumeType><status>in-use</status><availabilityZone>us-east-1b</availabilityZone><encrypted>false</encrypted><createTime>2026-08-10T05:06:37.706Z</createTime><attachmentSet><item><volumeId>vol-533f446a48b27fabc</volumeId><instanceId>i-8f1c72f9929940f76</instanceId><device>/dev/xvda</device><status>attached</status><deleteOnTermination>true</deleteOnTermination><attachTime>2026-08-10T05:06:37.706Z</attachTime></item></attachmentSet><tagSet/></item></volumeSet><nextToken></nextToken></DescribeVolumesResponse>
   http.response.header.content_type=application/xml http.response.header.date="Mon, 10 Aug 2026 05:12:41 GMT" http.response_content_length=735 rpc.method=EC2/DescribeVolumes tf_aws.sdk=aws-sdk-go-v2 tf_aws.signing_region="" http.response.header.x_amz_id_2=d8b2141c-71f6-4a52-a053-e693103e20af http.response.header.x_amz_request_id=d8b2141c-71f6-4a52-a053-e693103e20af rpc.system.name=aws-api tf_resource_type=aws_instance tf_rpc=ReadResource aws.region=us-east-1 http.status_code=200 tf_mux_provider="*schema.GRPCProviderServer" @module=aws http.duration=44 timestamp=2026-08-10T00:12:41.263-0500
2026-08-10T00:12:41.263-0500 [DEBUG] provider.terraform-provider-aws_v6.58.0_x5.exe: setting endpoint: @caller=github.com/hashicorp/terraform-provider-aws/internal/service/ec2/service_endpoint_resolver_gen.go:39 @module=aws tf_rpc=ReadResource aws.region=us-east-1 tf_aws.sdk=aws-sdk-go-v2 tf_req_id=e08ccd59-24ab-aaea-218c-f10f1d748627 rpc.method=EC2/DescribeInstanceAttribute rpc.system.name=aws-api tf_aws.endpoint="map[Headers:<nil> Properties:map[] URI:map[ForceQuery:false Fragment: Host: OmitHost:false Opaque: Path: RawFragment: RawPath: RawQuery: Scheme: User:<nil>]]" tf_mux_provider="*schema.GRPCProviderServer" tf_provider_addr=registry.terraform.io/hashicorp/aws tf_resource_type=aws_instance timestamp=2026-08-10T00:12:41.263-0500
2026-08-10T00:12:41.263-0500 [DEBUG] provider.terraform-provider-aws_v6.58.0_x5.exe: HTTP Request Sent: rpc.system.name=aws-api tf_aws.sdk=aws-sdk-go-v2 tf_aws.signing_region="" tf_resource_type=aws_instance @module=aws tf_req_id=e08ccd59-24ab-aaea-218c-f10f1d748627 tf_rpc=ReadResource http.method=POST http.request.header.authorization="AWS4-HMAC-SHA256 Credential=test/20260810/us-east-1/ec2/aws4_request, SignedHeaders=amz-sdk-invocation-id;amz-sdk-request;content-length;content-type;host;x-amz-date, Signature=*****" http.request.header.content_type=application/x-www-form-urlencoded net.peer.name=localhost net.peer.port=4566 tf_mux_provider="*schema.GRPCProviderServer" tf_provider_addr=registry.terraform.io/hashicorp/aws @caller=github.com/hashicorp/aws-sdk-go-base/v2@v2.0.0-beta.73/logging/tf_logger.go:45
  http.request.body=
  | Action=DescribeInstanceAttribute&Attribute=disableApiStop&InstanceId=i-8f1c72f9929940f76&Version=2016-11-15
   http.request.header.amz_sdk_invocation_id=471fd900-bfaf-4d29-a3cf-ed68333e5539 http.request.header.x_amz_date=20260810T051241Z http.request_content_length=107 http.url=http://localhost:4566/ rpc.method=EC2/DescribeInstanceAttribute aws.region=us-east-1 http.request.header.amz_sdk_request="attempt=1; max=25" http.user_agent="APN/1.0 HashiCorp/1.0 Terraform/1.15.7 (+https://www.terraform.io) terraform-provider-aws/6.58.0 (+https://registry.terraform.io/providers/hashicorp/aws) aws-sdk-go-v2/1.43.2 ua/2.1 os/windows lang/go#1.26.5 md/GOOS#windows md/GOARCH#amd64 api/ec2#1.318.0 m/e" timestamp=2026-08-10T00:12:41.263-0500
2026-08-10T00:12:41.266-0500 [DEBUG] provider.terraform-provider-aws_v6.58.0_x5.exe: HTTP Response Received: rpc.system.name=aws-api tf_mux_provider="*schema.GRPCProviderServer" tf_resource_type=aws_instance tf_rpc=ReadResource aws.region=us-east-1 http.duration=43 http.status_code=200 rpc.method=EC2/DescribeVolumes tf_aws.sdk=aws-sdk-go-v2 tf_provider_addr=registry.terraform.io/hashicorp/aws @caller=github.com/hashicorp/aws-sdk-go-base/v2@v2.0.0-beta.73/logging/tf_logger.go:45 @module=aws
  http.response.body=
  | <DescribeVolumesResponse xmlns="http://ec2.amazonaws.com/doc/2016-11-15/"><requestId>78a15af4-bb8b-45c4-be76-bcf0589ed647</requestId><volumeSet><item><volumeId>vol-048e9b3d109ba5236</volumeId><size>8</size><volumeType>gp3</volumeType><status>in-use</status><availabilityZone>us-east-1a</availabilityZone><encrypted>false</encrypted><createTime>2026-08-10T05:06:37.793Z</createTime><attachmentSet><item><volumeId>vol-048e9b3d109ba5236</volumeId><instanceId>i-7b80c4ed9b4b302a8</instanceId><device>/dev/xvda</device><status>attached</status><deleteOnTermination>true</deleteOnTermination><attachTime>2026-08-10T05:06:37.793Z</attachTime></item></attachmentSet><tagSet/></item></volumeSet><nextToken></nextToken></DescribeVolumesResponse>
   http.response.header.date="Mon, 10 Aug 2026 05:12:41 GMT" http.response.header.x_amz_id_2=80cc68af-bafe-4896-93dc-63df72754da9 http.response_content_length=735 tf_aws.signing_region="" http.response.header.content_type=application/xml http.response.header.x_amz_request_id=80cc68af-bafe-4896-93dc-63df72754da9 http.response.header.x_amzn_requestid=80cc68af-bafe-4896-93dc-63df72754da9 tf_req_id=022d81b2-4025-3723-bfd4-05e115ecf5ef timestamp=2026-08-10T00:12:41.266-0500
2026-08-10T00:12:41.267-0500 [DEBUG] provider.terraform-provider-aws_v6.58.0_x5.exe: setting endpoint: rpc.system.name=aws-api tf_aws.endpoint="map[Headers:<nil> Properties:map[] URI:map[ForceQuery:false Fragment: Host: OmitHost:false Opaque: Path: RawFragment: RawPath: RawQuery: Scheme: User:<nil>]]" tf_mux_provider="*schema.GRPCProviderServer" tf_resource_type=aws_instance @module=aws tf_provider_addr=registry.terraform.io/hashicorp/aws tf_req_id=022d81b2-4025-3723-bfd4-05e115ecf5ef @caller=github.com/hashicorp/terraform-provider-aws/internal/service/ec2/service_endpoint_resolver_gen.go:39 aws.region=us-east-1 tf_aws.sdk=aws-sdk-go-v2 tf_rpc=ReadResource rpc.method=EC2/DescribeInstanceAttribute timestamp=2026-08-10T00:12:41.266-0500
2026-08-10T00:12:41.267-0500 [DEBUG] provider.terraform-provider-aws_v6.58.0_x5.exe: HTTP Request Sent: rpc.system.name=aws-api tf_aws.sdk=aws-sdk-go-v2 tf_mux_provider="*schema.GRPCProviderServer" tf_provider_addr=registry.terraform.io/hashicorp/aws aws.region=us-east-1 http.method=POST
  http.request.body=
  | Action=DescribeInstanceAttribute&Attribute=disableApiStop&InstanceId=i-7b80c4ed9b4b302a8&Version=2016-11-15
   http.user_agent="APN/1.0 HashiCorp/1.0 Terraform/1.15.7 (+https://www.terraform.io) terraform-provider-aws/6.58.0 (+https://registry.terraform.io/providers/hashicorp/aws) aws-sdk-go-v2/1.43.2 ua/2.1 os/windows lang/go#1.26.5 md/GOOS#windows md/GOARCH#amd64 api/ec2#1.318.0 m/e" net.peer.name=localhost rpc.method=EC2/DescribeInstanceAttribute tf_resource_type=aws_instance tf_rpc=ReadResource @module=aws http.request.header.content_type=application/x-www-form-urlencoded tf_aws.signing_region="" tf_req_id=022d81b2-4025-3723-bfd4-05e115ecf5ef http.request.header.amz_sdk_invocation_id=d5d48b54-46cb-4721-8a62-d0ae551742d5 http.request.header.authorization="AWS4-HMAC-SHA256 Credential=test/20260810/us-east-1/ec2/aws4_request, SignedHeaders=amz-sdk-invocation-id;amz-sdk-request;content-length;content-type;host;x-amz-date, Signature=*****" http.request.header.x_amz_date=20260810T051241Z http.request_content_length=107 http.url=http://localhost:4566/ @caller=github.com/hashicorp/aws-sdk-go-base/v2@v2.0.0-beta.73/logging/tf_logger.go:45 http.request.header.amz_sdk_request="attempt=1; max=25" net.peer.port=4566 timestamp=2026-08-10T00:12:41.267-0500
2026-08-10T00:12:41.274-0500 [DEBUG] provider.terraform-provider-aws_v6.58.0_x5.exe: HTTP Response Received: tf_aws.sdk=aws-sdk-go-v2 tf_req_id=59038a3e-b78f-712e-0cff-70f8e4ca3bcc @caller=github.com/hashicorp/aws-sdk-go-base/v2@v2.0.0-beta.73/logging/tf_logger.go:45 http.duration=43
  http.response.body=
  | <DescribeListenerAttributesResponse xmlns="https://elasticloadbalancing.amazonaws.com/doc/2015-12-01/"><DescribeListenerAttributesResult><Attributes></Attributes></DescribeListenerAttributesResult><ResponseMetadata><RequestId>ae5d82e9-7aca-4898-a66f-590b993cf4be</RequestId></ResponseMetadata></DescribeListenerAttributesResponse>
   http.response.header.content_type=application/xml tf_aws.signing_region="" tf_provider_addr=registry.terraform.io/hashicorp/aws http.response.header.date="Mon, 10 Aug 2026 05:12:41 GMT" http.response.header.x_amzn_requestid=4ae5708c-dce6-4b8e-89a8-0e72c981f2cd rpc.method="Elastic Load Balancing v2/DescribeListenerAttributes" tf_resource_type=aws_lb_listener tf_rpc=ReadResource aws.region=us-east-1 http.response_content_length=330 http.status_code=200 rpc.system.name=aws-api tf_mux_provider="*schema.GRPCProviderServer" @module=aws http.response.header.x_amz_id_2=4ae5708c-dce6-4b8e-89a8-0e72c981f2cd http.response.header.x_amz_request_id=4ae5708c-dce6-4b8e-89a8-0e72c981f2cd timestamp=2026-08-10T00:12:41.274-0500
2026-08-10T00:12:41.274-0500 [DEBUG] provider.terraform-provider-aws_v6.58.0_x5.exe: setting endpoint: @caller=github.com/hashicorp/terraform-provider-aws/internal/service/elbv2/service_endpoint_resolver_gen.go:39 tf_aws.sdk=aws-sdk-go-v2 tf_resource_type=aws_lb_listener rpc.system.name=aws-api tf_aws.endpoint="map[Headers:<nil> Properties:map[] URI:map[ForceQuery:false Fragment: Host: OmitHost:false Opaque: Path: RawFragment: RawPath: RawQuery: Scheme: User:<nil>]]" tf_provider_addr=registry.terraform.io/hashicorp/aws aws.region=us-east-1 tf_req_id=59038a3e-b78f-712e-0cff-70f8e4ca3bcc tf_rpc=ReadResource @module=aws rpc.method="Elastic Load Balancing v2/DescribeTags" tf_mux_provider="*schema.GRPCProviderServer" timestamp=2026-08-10T00:12:41.274-0500
2026-08-10T00:12:41.275-0500 [DEBUG] provider.terraform-provider-aws_v6.58.0_x5.exe: HTTP Request Sent: http.request.header.content_type=application/x-www-form-urlencoded http.request.header.x_amz_date=20260810T051241Z http.url=http://localhost:4566/ http.user_agent="APN/1.0 HashiCorp/1.0 Terraform/1.15.7 (+https://www.terraform.io) terraform-provider-aws/6.58.0 (+https://registry.terraform.io/providers/hashicorp/aws) aws-sdk-go-v2/1.43.2 ua/2.1 os/windows lang/go#1.26.5 md/GOOS#windows md/GOARCH#amd64 api/elasticloadbalancingv2#1.58.3 m/e" tf_aws.signing_region="" tf_mux_provider="*schema.GRPCProviderServer" tf_rpc=ReadResource aws.region=us-east-1 net.peer.port=4566 rpc.method="Elastic Load Balancing v2/DescribeTags" tf_req_id=59038a3e-b78f-712e-0cff-70f8e4ca3bcc @caller=github.com/hashicorp/aws-sdk-go-base/v2@v2.0.0-beta.73/logging/tf_logger.go:45 @module=aws http.request.header.amz_sdk_request="attempt=1; max=25" http.request.header.authorization="AWS4-HMAC-SHA256 Credential=test/20260810/us-east-1/elasticloadbalancing/aws4_request, SignedHeaders=amz-sdk-invocation-id;amz-sdk-request;content-length;content-type;host;x-amz-date, Signature=*****" net.peer.name=localhost rpc.system.name=aws-api http.method=POST
  http.request.body=
  | Action=DescribeTags&ResourceArns.member.1=arn%3Aaws%3Aelasticloadbalancing%3Aus-east-1%3A000000000000%3Alistener%2Fapp%2Fcurso-alb-tf%2F0be17ff83c3e4e05%2F97693c5d2aa04561&Version=2015-12-01
   http.request.header.amz_sdk_invocation_id=1b715448-1662-4323-b2b6-97ce488e873b http.request_content_length=190 tf_aws.sdk=aws-sdk-go-v2 tf_provider_addr=registry.terraform.io/hashicorp/aws tf_resource_type=aws_lb_listener timestamp=2026-08-10T00:12:41.274-0500
2026-08-10T00:12:41.307-0500 [DEBUG] provider.terraform-provider-aws_v6.58.0_x5.exe: HTTP Response Received: tf_provider_addr=registry.terraform.io/hashicorp/aws @caller=github.com/hashicorp/aws-sdk-go-base/v2@v2.0.0-beta.73/logging/tf_logger.go:45 aws.region=us-east-1 http.duration=43
  http.response.body=
  | <DescribeInstanceAttributeResponse xmlns="http://ec2.amazonaws.com/doc/2016-11-15/"><requestId>c639298f-f0ff-43a3-ad7e-89542da06184</requestId><instanceId>i-8f1c72f9929940f76</instanceId><disableApiStop><value>false</value></disableApiStop></DescribeInstanceAttributeResponse>
   http.response.header.x_amz_id_2=c7ae0d96-f05f-42b9-91c5-45401d2dbe65 tf_req_id=e08ccd59-24ab-aaea-218c-f10f1d748627 http.response.header.content_type=application/xml http.response.header.x_amz_request_id=c7ae0d96-f05f-42b9-91c5-45401d2dbe65 http.response_content_length=276 http.status_code=200 rpc.system.name=aws-api tf_mux_provider="*schema.GRPCProviderServer" tf_resource_type=aws_instance @module=aws http.response.header.date="Mon, 10 Aug 2026 05:12:41 GMT" rpc.method=EC2/DescribeInstanceAttribute tf_aws.signing_region="" tf_rpc=ReadResource http.response.header.x_amzn_requestid=c7ae0d96-f05f-42b9-91c5-45401d2dbe65 tf_aws.sdk=aws-sdk-go-v2 timestamp=2026-08-10T00:12:41.307-0500
2026-08-10T00:12:41.307-0500 [DEBUG] provider.terraform-provider-aws_v6.58.0_x5.exe: setting endpoint: rpc.method=EC2/DescribeInstanceAttribute tf_req_id=e08ccd59-24ab-aaea-218c-f10f1d748627 tf_resource_type=aws_instance @module=aws rpc.system.name=aws-api tf_aws.endpoint="map[Headers:<nil> Properties:map[] URI:map[ForceQuery:false Fragment: Host: OmitHost:false Opaque: Path: RawFragment: RawPath: RawQuery: Scheme: User:<nil>]]" tf_aws.sdk=aws-sdk-go-v2 tf_provider_addr=registry.terraform.io/hashicorp/aws @caller=github.com/hashicorp/terraform-provider-aws/internal/service/ec2/service_endpoint_resolver_gen.go:39 aws.region=us-east-1 tf_mux_provider="*schema.GRPCProviderServer" tf_rpc=ReadResource timestamp=2026-08-10T00:12:41.307-0500
2026-08-10T00:12:41.307-0500 [DEBUG] provider.terraform-provider-aws_v6.58.0_x5.exe: HTTP Request Sent: http.method=POST http.request.header.amz_sdk_invocation_id=a4a98580-6719-4931-b632-338667be979a http.request.header.content_type=application/x-www-form-urlencoded http.request_content_length=114 tf_mux_provider="*schema.GRPCProviderServer" aws.region=us-east-1 http.request.header.amz_sdk_request="attempt=1; max=25" http.request.header.authorization="AWS4-HMAC-SHA256 Credential=test/20260810/us-east-1/ec2/aws4_request, SignedHeaders=amz-sdk-invocation-id;amz-sdk-request;content-length;content-type;host;x-amz-date, Signature=*****" http.url=http://localhost:4566/ http.user_agent="APN/1.0 HashiCorp/1.0 Terraform/1.15.7 (+https://www.terraform.io) terraform-provider-aws/6.58.0 (+https://registry.terraform.io/providers/hashicorp/aws) aws-sdk-go-v2/1.43.2 ua/2.1 os/windows lang/go#1.26.5 md/GOOS#windows md/GOARCH#amd64 api/ec2#1.318.0 m/e" net.peer.name=localhost
  http.request.body=
  | Action=DescribeInstanceAttribute&Attribute=disableApiTermination&InstanceId=i-8f1c72f9929940f76&Version=2016-11-15
   net.peer.port=4566 rpc.method=EC2/DescribeInstanceAttribute rpc.system.name=aws-api tf_aws.sdk=aws-sdk-go-v2 tf_aws.signing_region="" tf_req_id=e08ccd59-24ab-aaea-218c-f10f1d748627 tf_resource_type=aws_instance @caller=github.com/hashicorp/aws-sdk-go-base/v2@v2.0.0-beta.73/logging/tf_logger.go:45 @module=aws http.request.header.x_amz_date=20260810T051241Z tf_provider_addr=registry.terraform.io/hashicorp/aws tf_rpc=ReadResource timestamp=2026-08-10T00:12:41.307-0500
2026-08-10T00:12:41.310-0500 [DEBUG] provider.terraform-provider-aws_v6.58.0_x5.exe: HTTP Response Received: tf_aws.signing_region="" @caller=github.com/hashicorp/aws-sdk-go-base/v2@v2.0.0-beta.73/logging/tf_logger.go:45 http.response.header.date="Mon, 10 Aug 2026 05:12:41 GMT" http.status_code=200 tf_mux_provider="*schema.GRPCProviderServer" tf_provider_addr=registry.terraform.io/hashicorp/aws tf_req_id=022d81b2-4025-3723-bfd4-05e115ecf5ef tf_rpc=ReadResource aws.region=us-east-1 http.response.header.x_amz_id_2=a411b235-cea4-499a-bea5-d274d9a4b5ee rpc.method=EC2/DescribeInstanceAttribute http.duration=43 http.response.header.x_amz_request_id=a411b235-cea4-499a-bea5-d274d9a4b5ee http.response.header.x_amzn_requestid=a411b235-cea4-499a-bea5-d274d9a4b5ee rpc.system.name=aws-api tf_aws.sdk=aws-sdk-go-v2 tf_resource_type=aws_instance @module=aws
  http.response.body=
  | <DescribeInstanceAttributeResponse xmlns="http://ec2.amazonaws.com/doc/2016-11-15/"><requestId>96063e6e-0603-41c8-aacd-8a487825f02f</requestId><instanceId>i-7b80c4ed9b4b302a8</instanceId><disableApiStop><value>false</value></disableApiStop></DescribeInstanceAttributeResponse>
   http.response.header.content_type=application/xml http.response_content_length=276 timestamp=2026-08-10T00:12:41.310-0500
2026-08-10T00:12:41.310-0500 [DEBUG] provider.terraform-provider-aws_v6.58.0_x5.exe: setting endpoint: aws.region=us-east-1 tf_aws.endpoint="map[Headers:<nil> Properties:map[] URI:map[ForceQuery:false Fragment: Host: OmitHost:false Opaque: Path: RawFragment: RawPath: RawQuery: Scheme: User:<nil>]]" tf_aws.sdk=aws-sdk-go-v2 tf_provider_addr=registry.terraform.io/hashicorp/aws rpc.system.name=aws-api tf_req_id=022d81b2-4025-3723-bfd4-05e115ecf5ef tf_resource_type=aws_instance rpc.method=EC2/DescribeInstanceAttribute @caller=github.com/hashicorp/terraform-provider-aws/internal/service/ec2/service_endpoint_resolver_gen.go:39 @module=aws tf_mux_provider="*schema.GRPCProviderServer" tf_rpc=ReadResource timestamp=2026-08-10T00:12:41.310-0500
2026-08-10T00:12:41.311-0500 [DEBUG] provider.terraform-provider-aws_v6.58.0_x5.exe: HTTP Request Sent: tf_rpc=ReadResource
  http.request.body=
  | Action=DescribeInstanceAttribute&Attribute=disableApiTermination&InstanceId=i-7b80c4ed9b4b302a8&Version=2016-11-15
   http.user_agent="APN/1.0 HashiCorp/1.0 Terraform/1.15.7 (+https://www.terraform.io) terraform-provider-aws/6.58.0 (+https://registry.terraform.io/providers/hashicorp/aws) aws-sdk-go-v2/1.43.2 ua/2.1 os/windows lang/go#1.26.5 md/GOOS#windows md/GOARCH#amd64 api/ec2#1.318.0 m/e" net.peer.name=localhost tf_aws.sdk=aws-sdk-go-v2 tf_aws.signing_region="" tf_mux_provider="*schema.GRPCProviderServer" http.method=POST http.request.header.authorization="AWS4-HMAC-SHA256 Credential=test/20260810/us-east-1/ec2/aws4_request, SignedHeaders=amz-sdk-invocation-id;amz-sdk-request;content-length;content-type;host;x-amz-date, Signature=*****" rpc.system.name=aws-api tf_provider_addr=registry.terraform.io/hashicorp/aws tf_resource_type=aws_instance @caller=github.com/hashicorp/aws-sdk-go-base/v2@v2.0.0-beta.73/logging/tf_logger.go:45 aws.region=us-east-1 http.request.header.amz_sdk_invocation_id=c6419c83-7d8f-4cd6-bcf5-2a974e8d840e http.request.header.amz_sdk_request="attempt=1; max=25" rpc.method=EC2/DescribeInstanceAttribute @module=aws http.request.header.content_type=application/x-www-form-urlencoded http.request.header.x_amz_date=20260810T051241Z http.request_content_length=114 http.url=http://localhost:4566/ net.peer.port=4566 tf_req_id=022d81b2-4025-3723-bfd4-05e115ecf5ef timestamp=2026-08-10T00:12:41.310-0500
2026-08-10T00:12:41.318-0500 [DEBUG] provider.terraform-provider-aws_v6.58.0_x5.exe: HTTP Response Received: http.response.header.date="Mon, 10 Aug 2026 05:12:41 GMT" http.response_content_length=452 tf_aws.signing_region="" tf_resource_type=aws_lb_listener tf_rpc=ReadResource http.duration=43 http.response.header.x_amz_request_id=97d6f92a-f6c3-4bba-a1aa-a82245c09d55 rpc.method="Elastic Load Balancing v2/DescribeTags" tf_mux_provider="*schema.GRPCProviderServer" aws.region=us-east-1 http.response.header.content_type=application/xml http.response.header.x_amz_id_2=97d6f92a-f6c3-4bba-a1aa-a82245c09d55 rpc.system.name=aws-api tf_aws.sdk=aws-sdk-go-v2 @caller=github.com/hashicorp/aws-sdk-go-base/v2@v2.0.0-beta.73/logging/tf_logger.go:45 @module=aws
  http.response.body=
  | <DescribeTagsResponse xmlns="https://elasticloadbalancing.amazonaws.com/doc/2015-12-01/"><DescribeTagsResult><TagDescriptions><member><ResourceArn>arn:aws:elasticloadbalancing:us-east-1:000000000000:listener/app/curso-alb-tf/0be17ff83c3e4e05/97693c5d2aa04561</ResourceArn><Tags></Tags></member></TagDescriptions></DescribeTagsResult><ResponseMetadata><RequestId>7bf2774e-2986-4778-b155-2bcd0853039f</RequestId></ResponseMetadata></DescribeTagsResponse>
   http.response.header.x_amzn_requestid=97d6f92a-f6c3-4bba-a1aa-a82245c09d55 http.status_code=200 tf_provider_addr=registry.terraform.io/hashicorp/aws tf_req_id=59038a3e-b78f-712e-0cff-70f8e4ca3bcc timestamp=2026-08-10T00:12:41.318-0500
2026-08-10T00:12:41.323-0500 [WARN]  Provider "registry.terraform.io/hashicorp/aws" produced an invalid plan for aws_lb_listener.http, but we are tolerating it because it is using the legacy plugin SDK.
    The following problems may be the cause of any confusing errors from downstream operations:
      - .tags: planned value cty.MapValEmpty(cty.String) for a non-computed attribute
2026-08-10T00:12:41.351-0500 [DEBUG] provider.terraform-provider-aws_v6.58.0_x5.exe: HTTP Response Received:
  http.response.body=
  | <DescribeInstanceAttributeResponse xmlns="http://ec2.amazonaws.com/doc/2016-11-15/"><requestId>83adb33f-adee-484a-82fd-87989563834f</requestId><instanceId>i-8f1c72f9929940f76</instanceId><disableApiTermination><value>false</value></disableApiTermination></DescribeInstanceAttributeResponse>
   http.response.header.x_amz_request_id=cfdda731-228e-4e6e-8fbe-9f61379e313d rpc.system.name=aws-api tf_mux_provider="*schema.GRPCProviderServer" tf_resource_type=aws_instance tf_rpc=ReadResource @module=aws http.duration=43 http.response_content_length=290 http.status_code=200 rpc.method=EC2/DescribeInstanceAttribute tf_aws.sdk=aws-sdk-go-v2 @caller=github.com/hashicorp/aws-sdk-go-base/v2@v2.0.0-beta.73/logging/tf_logger.go:45 http.response.header.date="Mon, 10 Aug 2026 05:12:41 GMT" http.response.header.x_amzn_requestid=cfdda731-228e-4e6e-8fbe-9f61379e313d tf_provider_addr=registry.terraform.io/hashicorp/aws tf_req_id=e08ccd59-24ab-aaea-218c-f10f1d748627 http.response.header.content_type=application/xml http.response.header.x_amz_id_2=cfdda731-228e-4e6e-8fbe-9f61379e313d tf_aws.signing_region="" aws.region=us-east-1 timestamp=2026-08-10T00:12:41.350-0500
2026-08-10T00:12:41.351-0500 [DEBUG] provider.terraform-provider-aws_v6.58.0_x5.exe: setting endpoint: @caller=github.com/hashicorp/terraform-provider-aws/internal/service/ec2/service_endpoint_resolver_gen.go:39 tf_resource_type=aws_instance tf_rpc=ReadResource @module=aws rpc.method=EC2/DescribeInstanceAttribute tf_mux_provider="*schema.GRPCProviderServer" aws.region=us-east-1 rpc.system.name=aws-api tf_aws.endpoint="map[Headers:<nil> Properties:map[] URI:map[ForceQuery:false Fragment: Host: OmitHost:false Opaque: Path: RawFragment: RawPath: RawQuery: Scheme: User:<nil>]]" tf_provider_addr=registry.terraform.io/hashicorp/aws tf_req_id=e08ccd59-24ab-aaea-218c-f10f1d748627 tf_aws.sdk=aws-sdk-go-v2 timestamp=2026-08-10T00:12:41.351-0500
2026-08-10T00:12:41.351-0500 [DEBUG] provider.terraform-provider-aws_v6.58.0_x5.exe: HTTP Request Sent: rpc.method=EC2/DescribeInstanceAttribute tf_aws.sdk=aws-sdk-go-v2 tf_req_id=e08ccd59-24ab-aaea-218c-f10f1d748627 @caller=github.com/hashicorp/aws-sdk-go-base/v2@v2.0.0-beta.73/logging/tf_logger.go:45 @module=aws http.request.header.amz_sdk_request="attempt=1; max=25" net.peer.name=localhost rpc.system.name=aws-api tf_aws.signing_region="" tf_mux_provider="*schema.GRPCProviderServer"
  http.request.body=
  | Action=DescribeInstanceAttribute&Attribute=userData&InstanceId=i-8f1c72f9929940f76&Version=2016-11-15
   http.request.header.authorization="AWS4-HMAC-SHA256 Credential=test/20260810/us-east-1/ec2/aws4_request, SignedHeaders=amz-sdk-invocation-id;amz-sdk-request;content-length;content-type;host;x-amz-date, Signature=*****" http.request.header.content_type=application/x-www-form-urlencoded http.request.header.x_amz_date=20260810T051241Z http.request_content_length=101 http.url=http://localhost:4566/ aws.region=us-east-1 http.method=POST net.peer.port=4566 tf_provider_addr=registry.terraform.io/hashicorp/aws tf_resource_type=aws_instance tf_rpc=ReadResource http.request.header.amz_sdk_invocation_id=6741bd00-5f5c-4f88-8375-317eb6551f3a http.user_agent="APN/1.0 HashiCorp/1.0 Terraform/1.15.7 (+https://www.terraform.io) terraform-provider-aws/6.58.0 (+https://registry.terraform.io/providers/hashicorp/aws) aws-sdk-go-v2/1.43.2 ua/2.1 os/windows lang/go#1.26.5 md/GOOS#windows md/GOARCH#amd64 api/ec2#1.318.0 m/e" timestamp=2026-08-10T00:12:41.351-0500
2026-08-10T00:12:41.355-0500 [DEBUG] provider.terraform-provider-aws_v6.58.0_x5.exe: HTTP Response Received: tf_aws.signing_region="" tf_mux_provider="*schema.GRPCProviderServer" tf_rpc=ReadResource http.response_content_length=290 @module=aws http.duration=43
  http.response.body=
  | <DescribeInstanceAttributeResponse xmlns="http://ec2.amazonaws.com/doc/2016-11-15/"><requestId>c4ee0b91-18ee-45e8-a89a-92eb554a69ad</requestId><instanceId>i-7b80c4ed9b4b302a8</instanceId><disableApiTermination><value>false</value></disableApiTermination></DescribeInstanceAttributeResponse>
   http.response.header.content_type=application/xml tf_aws.sdk=aws-sdk-go-v2 http.response.header.x_amz_request_id=14c38b17-fb1c-492a-a2a8-643cdc57648a http.response.header.x_amzn_requestid=14c38b17-fb1c-492a-a2a8-643cdc57648a http.response.header.x_amz_id_2=14c38b17-fb1c-492a-a2a8-643cdc57648a rpc.method=EC2/DescribeInstanceAttribute rpc.system.name=aws-api tf_provider_addr=registry.terraform.io/hashicorp/aws tf_req_id=022d81b2-4025-3723-bfd4-05e115ecf5ef tf_resource_type=aws_instance @caller=github.com/hashicorp/aws-sdk-go-base/v2@v2.0.0-beta.73/logging/tf_logger.go:45 aws.region=us-east-1 http.response.header.date="Mon, 10 Aug 2026 05:12:41 GMT" http.status_code=200 timestamp=2026-08-10T00:12:41.355-0500
2026-08-10T00:12:41.355-0500 [DEBUG] provider.terraform-provider-aws_v6.58.0_x5.exe: setting endpoint: aws.region=us-east-1 rpc.method=EC2/DescribeInstanceAttribute rpc.system.name=aws-api tf_aws.endpoint="map[Headers:<nil> Properties:map[] URI:map[ForceQuery:false Fragment: Host: OmitHost:false Opaque: Path: RawFragment: RawPath: RawQuery: Scheme: User:<nil>]]" tf_mux_provider="*schema.GRPCProviderServer" tf_provider_addr=registry.terraform.io/hashicorp/aws tf_req_id=022d81b2-4025-3723-bfd4-05e115ecf5ef tf_aws.sdk=aws-sdk-go-v2 @caller=github.com/hashicorp/terraform-provider-aws/internal/service/ec2/service_endpoint_resolver_gen.go:39 @module=aws tf_resource_type=aws_instance tf_rpc=ReadResource timestamp=2026-08-10T00:12:41.355-0500
2026-08-10T00:12:41.355-0500 [DEBUG] provider.terraform-provider-aws_v6.58.0_x5.exe: HTTP Request Sent: net.peer.port=4566 @caller=github.com/hashicorp/aws-sdk-go-base/v2@v2.0.0-beta.73/logging/tf_logger.go:45 http.user_agent="APN/1.0 HashiCorp/1.0 Terraform/1.15.7 (+https://www.terraform.io) terraform-provider-aws/6.58.0 (+https://registry.terraform.io/providers/hashicorp/aws) aws-sdk-go-v2/1.43.2 ua/2.1 os/windows lang/go#1.26.5 md/GOOS#windows md/GOARCH#amd64 api/ec2#1.318.0 m/e" net.peer.name=localhost tf_aws.signing_region="" tf_provider_addr=registry.terraform.io/hashicorp/aws http.request.header.authorization="AWS4-HMAC-SHA256 Credential=test/20260810/us-east-1/ec2/aws4_request, SignedHeaders=amz-sdk-invocation-id;amz-sdk-request;content-length;content-type;host;x-amz-date, Signature=*****" http.request_content_length=101 aws.region=us-east-1 http.method=POST http.request.header.amz_sdk_invocation_id=8d5df5b8-fa80-42c0-b87e-5829166ebec6 http.request.header.amz_sdk_request="attempt=1; max=25" rpc.system.name=aws-api tf_aws.sdk=aws-sdk-go-v2 http.request.header.x_amz_date=20260810T051241Z http.url=http://localhost:4566/ rpc.method=EC2/DescribeInstanceAttribute tf_mux_provider="*schema.GRPCProviderServer" tf_req_id=022d81b2-4025-3723-bfd4-05e115ecf5ef tf_resource_type=aws_instance tf_rpc=ReadResource http.request.header.content_type=application/x-www-form-urlencoded @module=aws
  http.request.body=
  | Action=DescribeInstanceAttribute&Attribute=userData&InstanceId=i-7b80c4ed9b4b302a8&Version=2016-11-15
   timestamp=2026-08-10T00:12:41.355-0500
2026-08-10T00:12:41.395-0500 [DEBUG] provider.terraform-provider-aws_v6.58.0_x5.exe: HTTP Response Received: http.duration=43 rpc.system.name=aws-api tf_resource_type=aws_instance tf_rpc=ReadResource @caller=github.com/hashicorp/aws-sdk-go-base/v2@v2.0.0-beta.73/logging/tf_logger.go:45 http.response.header.x_amz_request_id=b17be3db-e07a-4fcf-a61b-69230e144d59 http.response_content_length=223 tf_aws.sdk=aws-sdk-go-v2 tf_mux_provider="*schema.GRPCProviderServer" @module=aws http.response.header.content_type=application/xml http.response.header.x_amz_id_2=b17be3db-e07a-4fcf-a61b-69230e144d59 http.status_code=200 rpc.method=EC2/DescribeInstanceAttribute tf_aws.signing_region="" tf_provider_addr=registry.terraform.io/hashicorp/aws aws.region=us-east-1
  http.response.body=
  | <DescribeInstanceAttributeResponse xmlns="http://ec2.amazonaws.com/doc/2016-11-15/"><requestId>29899daa-2e02-455b-a13c-256604a9bd84</requestId><instanceId>i-8f1c72f9929940f76</instanceId></DescribeInstanceAttributeResponse>
   http.response.header.date="Mon, 10 Aug 2026 05:12:41 GMT" http.response.header.x_amzn_requestid=b17be3db-e07a-4fcf-a61b-69230e144d59 tf_req_id=e08ccd59-24ab-aaea-218c-f10f1d748627 timestamp=2026-08-10T00:12:41.395-0500
2026-08-10T00:12:41.399-0500 [DEBUG] provider.terraform-provider-aws_v6.58.0_x5.exe: HTTP Response Received: tf_resource_type=aws_instance tf_rpc=ReadResource @caller=github.com/hashicorp/aws-sdk-go-base/v2@v2.0.0-beta.73/logging/tf_logger.go:45 aws.region=us-east-1
  http.response.body=
  | <DescribeInstanceAttributeResponse xmlns="http://ec2.amazonaws.com/doc/2016-11-15/"><requestId>b1f207f3-b13c-402a-844b-d48e373fa4dc</requestId><instanceId>i-7b80c4ed9b4b302a8</instanceId></DescribeInstanceAttributeResponse>
   http.response.header.x_amz_id_2=f19f7ec9-090c-46f5-9ac6-a3f3c8aff793 http.response.header.x_amz_request_id=f19f7ec9-090c-46f5-9ac6-a3f3c8aff793 http.response.header.x_amzn_requestid=f19f7ec9-090c-46f5-9ac6-a3f3c8aff793 http.response_content_length=223 http.response.header.content_type=application/xml rpc.method=EC2/DescribeInstanceAttribute rpc.system.name=aws-api @module=aws http.duration=43 tf_aws.sdk=aws-sdk-go-v2 tf_mux_provider="*schema.GRPCProviderServer" tf_provider_addr=registry.terraform.io/hashicorp/aws tf_req_id=022d81b2-4025-3723-bfd4-05e115ecf5ef http.response.header.date="Mon, 10 Aug 2026 05:12:41 GMT" http.status_code=200 tf_aws.signing_region="" timestamp=2026-08-10T00:12:41.399-0500
2026-08-10T00:12:41.405-0500 [WARN]  Provider "registry.terraform.io/hashicorp/aws" produced an invalid plan for aws_instance.web2, but we are tolerating it because it is using the legacy plugin SDK.
    The following problems may be the cause of any confusing errors from downstream operations:
      - .source_dest_check: planned value cty.True for a non-computed attribute
      - .force_destroy: planned value cty.False for a non-computed attribute
      - .hibernation: planned value cty.False for a non-computed attribute
      - .get_password_data: planned value cty.False for a non-computed attribute
      - .user_data_replace_on_change: planned value cty.False for a non-computed attribute
      - .root_block_device: block count in plan (1) disagrees with count in config (0)
      - .capacity_reservation_specification: block count in plan (1) disagrees with count in config (0)
      - .maintenance_options: block count in plan (1) disagrees with count in config (0)
      - .cpu_options: block count in plan (1) disagrees with count in config (0)
      - .enclave_options: block count in plan (1) disagrees with count in config (0)
      - .metadata_options: block count in plan (1) disagrees with count in config (0)
      - .private_dns_name_options: block count in plan (1) disagrees with count in config (0)
      - .primary_network_interface: block count in plan (1) disagrees with count in config (0)
2026-08-10T00:12:41.406-0500 [DEBUG] ReferenceTransformer: "aws_lb_target_group_attachment.web2" references: []
2026-08-10T00:12:41.407-0500 [DEBUG] provider.terraform-provider-aws_v6.58.0_x5.exe: setting endpoint: tf_aws.endpoint="map[Headers:<nil> Properties:map[] URI:map[ForceQuery:false Fragment: Host: OmitHost:false Opaque: Path: RawFragment: RawPath: RawQuery: Scheme: User:<nil>]]" tf_provider_addr=registry.terraform.io/hashicorp/aws tf_aws.sdk=aws-sdk-go-v2 aws.region=us-east-1 rpc.method="Elastic Load Balancing v2/DescribeTargetHealth" rpc.system.name=aws-api tf_resource_type=aws_lb_target_group_attachment tf_rpc=ReadResource @caller=github.com/hashicorp/terraform-provider-aws/internal/service/elbv2/service_endpoint_resolver_gen.go:39 @module=aws tf_mux_provider="*schema.GRPCProviderServer" tf_req_id=5b7cde6c-8b8e-f022-1ecd-d66e8f06b8d8 timestamp=2026-08-10T00:12:41.407-0500
2026-08-10T00:12:41.407-0500 [DEBUG] provider.terraform-provider-aws_v6.58.0_x5.exe: HTTP Request Sent: tf_rpc=ReadResource @module=aws http.request.header.amz_sdk_request="attempt=1; max=25" http.request.header.x_amz_date=20260810T051241Z tf_mux_provider="*schema.GRPCProviderServer" tf_req_id=5b7cde6c-8b8e-f022-1ecd-d66e8f06b8d8 tf_resource_type=aws_lb_target_group_attachment http.request.header.content_type=application/x-www-form-urlencoded @caller=github.com/hashicorp/aws-sdk-go-base/v2@v2.0.0-beta.73/logging/tf_logger.go:45 aws.region=us-east-1 http.request.header.amz_sdk_invocation_id=28d1c151-b47e-4a65-8d5a-01d0a92e682a http.user_agent="APN/1.0 HashiCorp/1.0 Terraform/1.15.7 (+https://www.terraform.io) terraform-provider-aws/6.58.0 (+https://registry.terraform.io/providers/hashicorp/aws) aws-sdk-go-v2/1.43.2 ua/2.1 os/windows lang/go#1.26.5 md/GOOS#windows md/GOARCH#amd64 api/elasticloadbalancingv2#1.58.3 m/e" net.peer.port=4566 tf_aws.sdk=aws-sdk-go-v2 http.request_content_length=212 net.peer.name=localhost rpc.method="Elastic Load Balancing v2/DescribeTargetHealth" tf_aws.signing_region="" tf_provider_addr=registry.terraform.io/hashicorp/aws http.method=POST
  http.request.body=
  | Action=DescribeTargetHealth&TargetGroupArn=arn%3Aaws%3Aelasticloadbalancing%3Aus-east-1%3A000000000000%3Atargetgroup%2Fcurso-web-tg-tf%2F8792dc8617e84eaa&Targets.member.1.Id=i-8f1c72f9929940f76&Version=2015-12-01
   http.request.header.authorization="AWS4-HMAC-SHA256 Credential=test/20260810/us-east-1/elasticloadbalancing/aws4_request, SignedHeaders=amz-sdk-invocation-id;amz-sdk-request;content-length;content-type;host;x-amz-date, Signature=*****" http.url=http://localhost:4566/ rpc.system.name=aws-api timestamp=2026-08-10T00:12:41.407-0500
2026-08-10T00:12:41.409-0500 [WARN]  Provider "registry.terraform.io/hashicorp/aws" produced an invalid plan for aws_instance.web1, but we are tolerating it because it is using the legacy plugin SDK.
    The following problems may be the cause of any confusing errors from downstream operations:
      - .force_destroy: planned value cty.False for a non-computed attribute
      - .hibernation: planned value cty.False for a non-computed attribute
      - .get_password_data: planned value cty.False for a non-computed attribute
      - .user_data_replace_on_change: planned value cty.False for a non-computed attribute
      - .source_dest_check: planned value cty.True for a non-computed attribute
      - .metadata_options: block count in plan (1) disagrees with count in config (0)
      - .private_dns_name_options: block count in plan (1) disagrees with count in config (0)
      - .primary_network_interface: block count in plan (1) disagrees with count in config (0)
      - .root_block_device: block count in plan (1) disagrees with count in config (0)
      - .capacity_reservation_specification: block count in plan (1) disagrees with count in config (0)
      - .maintenance_options: block count in plan (1) disagrees with count in config (0)
      - .cpu_options: block count in plan (1) disagrees with count in config (0)
      - .enclave_options: block count in plan (1) disagrees with count in config (0)
2026-08-10T00:12:41.409-0500 [DEBUG] ReferenceTransformer: "aws_lb_target_group_attachment.web1" references: []
2026-08-10T00:12:41.410-0500 [DEBUG] provider.terraform-provider-aws_v6.58.0_x5.exe: setting endpoint: @caller=github.com/hashicorp/terraform-provider-aws/internal/service/elbv2/service_endpoint_resolver_gen.go:39 rpc.method="Elastic Load Balancing v2/DescribeTargetHealth" rpc.system.name=aws-api tf_aws.sdk=aws-sdk-go-v2 @module=aws tf_provider_addr=registry.terraform.io/hashicorp/aws tf_aws.endpoint="map[Headers:<nil> Properties:map[] URI:map[ForceQuery:false Fragment: Host: OmitHost:false Opaque: Path: RawFragment: RawPath: RawQuery: Scheme: User:<nil>]]" tf_mux_provider="*schema.GRPCProviderServer" tf_rpc=ReadResource aws.region=us-east-1 tf_resource_type=aws_lb_target_group_attachment tf_req_id=907ce343-3d01-be28-5567-dc4524ac77c9 timestamp=2026-08-10T00:12:41.410-0500
2026-08-10T00:12:41.411-0500 [DEBUG] provider.terraform-provider-aws_v6.58.0_x5.exe: HTTP Request Sent: http.url=http://localhost:4566/ net.peer.name=localhost rpc.method="Elastic Load Balancing v2/DescribeTargetHealth" tf_aws.signing_region="" tf_rpc=ReadResource http.method=POST
  http.request.body=
  | Action=DescribeTargetHealth&TargetGroupArn=arn%3Aaws%3Aelasticloadbalancing%3Aus-east-1%3A000000000000%3Atargetgroup%2Fcurso-web-tg-tf%2F8792dc8617e84eaa&Targets.member.1.Id=i-7b80c4ed9b4b302a8&Version=2015-12-01
   http.request.header.authorization="AWS4-HMAC-SHA256 Credential=test/20260810/us-east-1/elasticloadbalancing/aws4_request, SignedHeaders=amz-sdk-invocation-id;amz-sdk-request;content-length;content-type;host;x-amz-date, Signature=*****" http.request.header.x_amz_date=20260810T051241Z http.request_content_length=212 net.peer.port=4566 rpc.system.name=aws-api http.request.header.amz_sdk_invocation_id=2da9f808-9fb1-4274-8371-b16a6d309e57 http.request.header.amz_sdk_request="attempt=1; max=25" http.request.header.content_type=application/x-www-form-urlencoded http.user_agent="APN/1.0 HashiCorp/1.0 Terraform/1.15.7 (+https://www.terraform.io) terraform-provider-aws/6.58.0 (+https://registry.terraform.io/providers/hashicorp/aws) aws-sdk-go-v2/1.43.2 ua/2.1 os/windows lang/go#1.26.5 md/GOOS#windows md/GOARCH#amd64 api/elasticloadbalancingv2#1.58.3 m/e" tf_mux_provider="*schema.GRPCProviderServer" tf_provider_addr=registry.terraform.io/hashicorp/aws tf_resource_type=aws_lb_target_group_attachment @caller=github.com/hashicorp/aws-sdk-go-base/v2@v2.0.0-beta.73/logging/tf_logger.go:45 @module=aws aws.region=us-east-1 tf_aws.sdk=aws-sdk-go-v2 tf_req_id=907ce343-3d01-be28-5567-dc4524ac77c9 timestamp=2026-08-10T00:12:41.410-0500
2026-08-10T00:12:41.451-0500 [DEBUG] provider.terraform-provider-aws_v6.58.0_x5.exe: HTTP Response Received: http.duration=43 http.response.header.x_amz_request_id=bb871711-0e2b-40e2-b09c-18013cdfdfdf http.response.header.x_amzn_requestid=bb871711-0e2b-40e2-b09c-18013cdfdfdf http.status_code=200 tf_provider_addr=registry.terraform.io/hashicorp/aws aws.region=us-east-1 http.response.header.content_type=application/xml http.response_content_length=484 rpc.system.name=aws-api tf_aws.sdk=aws-sdk-go-v2 tf_aws.signing_region="" tf_req_id=5b7cde6c-8b8e-f022-1ecd-d66e8f06b8d8 tf_rpc=ReadResource @caller=github.com/hashicorp/aws-sdk-go-base/v2@v2.0.0-beta.73/logging/tf_logger.go:45
  http.response.body=
  | <DescribeTargetHealthResponse xmlns="https://elasticloadbalancing.amazonaws.com/doc/2015-12-01/"><DescribeTargetHealthResult><TargetHealthDescriptions><member><Target><Id>i-8f1c72f9929940f76</Id></Target><HealthCheckPort>80</HealthCheckPort><TargetHealth><State>healthy</State></TargetHealth></member></TargetHealthDescriptions></DescribeTargetHealthResult><ResponseMetadata><RequestId>f341f587-d6c1-40a9-9818-b1f7682d2b0a</RequestId></ResponseMetadata></DescribeTargetHealthResponse>
   http.response.header.date="Mon, 10 Aug 2026 05:12:41 GMT" http.response.header.x_amz_id_2=bb871711-0e2b-40e2-b09c-18013cdfdfdf rpc.method="Elastic Load Balancing v2/DescribeTargetHealth" tf_mux_provider="*schema.GRPCProviderServer" @module=aws tf_resource_type=aws_lb_target_group_attachment timestamp=2026-08-10T00:12:41.451-0500
2026-08-10T00:12:41.454-0500 [DEBUG] provider.terraform-provider-aws_v6.58.0_x5.exe: HTTP Response Received: aws.region=us-east-1 http.response_content_length=484 rpc.method="Elastic Load Balancing v2/DescribeTargetHealth" tf_mux_provider="*schema.GRPCProviderServer" @module=aws http.response.header.x_amz_id_2=4d407f5e-2b04-4fb0-9a7a-621e85a0b4e7 http.status_code=200 rpc.system.name=aws-api tf_aws.sdk=aws-sdk-go-v2 tf_aws.signing_region="" http.response.header.content_type=application/xml http.response.header.date="Mon, 10 Aug 2026 05:12:41 GMT" tf_req_id=907ce343-3d01-be28-5567-dc4524ac77c9 tf_resource_type=aws_lb_target_group_attachment tf_rpc=ReadResource @caller=github.com/hashicorp/aws-sdk-go-base/v2@v2.0.0-beta.73/logging/tf_logger.go:45 http.duration=43
  http.response.body=
  | <DescribeTargetHealthResponse xmlns="https://elasticloadbalancing.amazonaws.com/doc/2015-12-01/"><DescribeTargetHealthResult><TargetHealthDescriptions><member><Target><Id>i-7b80c4ed9b4b302a8</Id></Target><HealthCheckPort>80</HealthCheckPort><TargetHealth><State>healthy</State></TargetHealth></member></TargetHealthDescriptions></DescribeTargetHealthResult><ResponseMetadata><RequestId>f1b2b494-159c-4548-bccb-f638f5677265</RequestId></ResponseMetadata></DescribeTargetHealthResponse>
   http.response.header.x_amz_request_id=4d407f5e-2b04-4fb0-9a7a-621e85a0b4e7 http.response.header.x_amzn_requestid=4d407f5e-2b04-4fb0-9a7a-621e85a0b4e7 tf_provider_addr=registry.terraform.io/hashicorp/aws timestamp=2026-08-10T00:12:41.454-0500
2026-08-10T00:12:41.456-0500 [DEBUG] provider.stdio: received EOF, stopping recv loop: err="rpc error: code = Unavailable desc = error reading from server: EOF"
2026-08-10T00:12:41.489-0500 [INFO]  provider: plugin process exited: plugin=.terraform/providers/registry.terraform.io/hashicorp/aws/6.58.0/windows_amd64/terraform-provider-aws_v6.58.0_x5.exe id=35396
2026-08-10T00:12:41.489-0500 [DEBUG] provider: plugin exited
2026-08-10T00:12:41.495-0500 [DEBUG] building apply graph to check for errors
2026-08-10T00:12:41.495-0500 [DEBUG] ProviderTransformer: "aws_security_group.web (expand)" (*terraform.nodeExpandApplyableResource) needs provider["registry.terraform.io/hashicorp/aws"]
2026-08-10T00:12:41.495-0500 [DEBUG] ProviderTransformer: "aws_lb_target_group_attachment.web2 (expand)" (*terraform.nodeExpandApplyableResource) needs provider["registry.terraform.io/hashicorp/aws"]
2026-08-10T00:12:41.495-0500 [DEBUG] ProviderTransformer: "aws_instance.web2 (expand)" (*terraform.nodeExpandApplyableResource) needs provider["registry.terraform.io/hashicorp/aws"]
2026-08-10T00:12:41.495-0500 [DEBUG] ProviderTransformer: "aws_route_table.public (expand)" (*terraform.nodeExpandApplyableResource) needs provider["registry.terraform.io/hashicorp/aws"]
2026-08-10T00:12:41.495-0500 [DEBUG] ProviderTransformer: "aws_db_instance.pedidos (destroy)" (*terraform.NodeDestroyResourceInstance) needs provider["registry.terraform.io/hashicorp/aws"]
2026-08-10T00:12:41.495-0500 [DEBUG] ProviderTransformer: "aws_subnet.pub2 (expand)" (*terraform.nodeExpandApplyableResource) needs provider["registry.terraform.io/hashicorp/aws"]
2026-08-10T00:12:41.495-0500 [DEBUG] ProviderTransformer: "aws_db_subnet_group.main (expand)" (*terraform.nodeExpandApplyableResource) needs provider["registry.terraform.io/hashicorp/aws"]
2026-08-10T00:12:41.495-0500 [DEBUG] ProviderTransformer: "aws_internet_gateway.main (expand)" (*terraform.nodeExpandApplyableResource) needs provider["registry.terraform.io/hashicorp/aws"]
2026-08-10T00:12:41.495-0500 [DEBUG] ProviderTransformer: "aws_db_instance.pedidos (expand)" (*terraform.nodeExpandApplyableResource) needs provider["registry.terraform.io/hashicorp/aws"]
2026-08-10T00:12:41.495-0500 [DEBUG] ProviderTransformer: "aws_route_table_association.pub2 (expand)" (*terraform.nodeExpandApplyableResource) needs provider["registry.terraform.io/hashicorp/aws"]
2026-08-10T00:12:41.495-0500 [DEBUG] ProviderTransformer: "aws_lb_target_group_attachment.web1 (expand)" (*terraform.nodeExpandApplyableResource) needs provider["registry.terraform.io/hashicorp/aws"]
2026-08-10T00:12:41.495-0500 [DEBUG] ProviderTransformer: "aws_subnet.priv1 (expand)" (*terraform.nodeExpandApplyableResource) needs provider["registry.terraform.io/hashicorp/aws"]
2026-08-10T00:12:41.495-0500 [DEBUG] ProviderTransformer: "aws_db_instance.inventario" (*terraform.NodeApplyableResourceInstance) needs provider["registry.terraform.io/hashicorp/aws"]
2026-08-10T00:12:41.495-0500 [DEBUG] ProviderTransformer: "aws_subnet.priv2 (expand)" (*terraform.nodeExpandApplyableResource) needs provider["registry.terraform.io/hashicorp/aws"]
2026-08-10T00:12:41.495-0500 [DEBUG] ProviderTransformer: "aws_lb_listener.http (expand)" (*terraform.nodeExpandApplyableResource) needs provider["registry.terraform.io/hashicorp/aws"]
2026-08-10T00:12:41.495-0500 [DEBUG] ProviderTransformer: "aws_subnet.pub1 (expand)" (*terraform.nodeExpandApplyableResource) needs provider["registry.terraform.io/hashicorp/aws"]
2026-08-10T00:12:41.495-0500 [DEBUG] ProviderTransformer: "aws_db_instance.inventario (destroy)" (*terraform.NodeDestroyResourceInstance) needs provider["registry.terraform.io/hashicorp/aws"]
2026-08-10T00:12:41.495-0500 [DEBUG] ProviderTransformer: "aws_route.default (expand)" (*terraform.nodeExpandApplyableResource) needs provider["registry.terraform.io/hashicorp/aws"]
2026-08-10T00:12:41.495-0500 [DEBUG] ProviderTransformer: "aws_route_table_association.pub1 (expand)" (*terraform.nodeExpandApplyableResource) needs provider["registry.terraform.io/hashicorp/aws"]
2026-08-10T00:12:41.495-0500 [DEBUG] ProviderTransformer: "aws_db_instance.pedidos" (*terraform.NodeApplyableResourceInstance) needs provider["registry.terraform.io/hashicorp/aws"]
2026-08-10T00:12:41.495-0500 [DEBUG] ProviderTransformer: "aws_db_instance.inventario (expand)" (*terraform.nodeExpandApplyableResource) needs provider["registry.terraform.io/hashicorp/aws"]
2026-08-10T00:12:41.495-0500 [DEBUG] ProviderTransformer: "aws_lb_target_group.web (expand)" (*terraform.nodeExpandApplyableResource) needs provider["registry.terraform.io/hashicorp/aws"]
2026-08-10T00:12:41.495-0500 [DEBUG] ProviderTransformer: "aws_security_group.alb (expand)" (*terraform.nodeExpandApplyableResource) needs provider["registry.terraform.io/hashicorp/aws"]
2026-08-10T00:12:41.495-0500 [DEBUG] ProviderTransformer: "aws_vpc.main (expand)" (*terraform.nodeExpandApplyableResource) needs provider["registry.terraform.io/hashicorp/aws"]
2026-08-10T00:12:41.495-0500 [DEBUG] ProviderTransformer: "aws_instance.web1 (expand)" (*terraform.nodeExpandApplyableResource) needs provider["registry.terraform.io/hashicorp/aws"]
2026-08-10T00:12:41.495-0500 [DEBUG] ProviderTransformer: "aws_lb.main (expand)" (*terraform.nodeExpandApplyableResource) needs provider["registry.terraform.io/hashicorp/aws"]
2026-08-10T00:12:41.496-0500 [DEBUG] ReferenceTransformer: "var.ami_id" references: []
2026-08-10T00:12:41.496-0500 [DEBUG] ReferenceTransformer: "var.az1" references: []
2026-08-10T00:12:41.496-0500 [DEBUG] ReferenceTransformer: "output.web2_id (expand)" references: [aws_instance.web2 (expand)]
2026-08-10T00:12:41.496-0500 [DEBUG] ReferenceTransformer: "output.db_pedidos_endpoint (expand)" references: [aws_db_instance.pedidos aws_db_instance.pedidos aws_db_instance.pedidos (expand)]
2026-08-10T00:12:41.496-0500 [DEBUG] ReferenceTransformer: "aws_instance.web2 (expand)" references: [aws_security_group.web (expand) local.userdata (expand) aws_subnet.pub2 (expand) var.instance_type var.ami_id]
2026-08-10T00:12:41.496-0500 [DEBUG] ReferenceTransformer: "aws_subnet.priv2 (expand)" references: [aws_vpc.main (expand) var.az2]
2026-08-10T00:12:41.496-0500 [DEBUG] ReferenceTransformer: "aws_instance.web1 (expand)" references: [local.userdata (expand) aws_subnet.pub1 (expand) var.instance_type var.ami_id aws_security_group.web (expand)]
2026-08-10T00:12:41.496-0500 [DEBUG] ReferenceTransformer: "aws_db_instance.pedidos" references: [aws_db_subnet_group.main (expand) var.db_password]
2026-08-10T00:12:41.496-0500 [DEBUG] ReferenceTransformer: "aws_db_instance.inventario (expand)" references: [aws_db_subnet_group.main (expand) var.db_password]
2026-08-10T00:12:41.496-0500 [DEBUG] ReferenceTransformer: "aws_lb.main (expand)" references: [aws_security_group.alb (expand) aws_subnet.pub1 (expand) aws_subnet.pub2 (expand)]
2026-08-10T00:12:41.496-0500 [DEBUG] ReferenceTransformer: "aws_route_table.public (expand)" references: [aws_vpc.main (expand)]
2026-08-10T00:12:41.496-0500 [DEBUG] ReferenceTransformer: "local.userdata (expand)" references: [var.az1]
2026-08-10T00:12:41.496-0500 [DEBUG] ReferenceTransformer: "output.vpc_id (expand)" references: [aws_vpc.main (expand)]
2026-08-10T00:12:41.496-0500 [DEBUG] ReferenceTransformer: "output.db_inventario_endpoint (expand)" references: [aws_db_instance.inventario (expand) aws_db_instance.inventario aws_db_instance.inventario]
2026-08-10T00:12:41.496-0500 [DEBUG] ReferenceTransformer: "provider[\"registry.terraform.io/hashicorp/aws\"]" references: []
2026-08-10T00:12:41.496-0500 [DEBUG] ReferenceTransformer: "aws_subnet.pub2 (expand)" references: [aws_vpc.main (expand) var.az2]
2026-08-10T00:12:41.496-0500 [DEBUG] ReferenceTransformer: "aws_db_subnet_group.main (expand)" references: [aws_subnet.priv1 (expand) aws_subnet.priv2 (expand)]
2026-08-10T00:12:41.496-0500 [DEBUG] ReferenceTransformer: "aws_internet_gateway.main (expand)" references: [aws_vpc.main (expand)]
2026-08-10T00:12:41.496-0500 [DEBUG] ReferenceTransformer: "aws_lb_target_group.web (expand)" references: [aws_vpc.main (expand)]
2026-08-10T00:12:41.496-0500 [DEBUG] ReferenceTransformer: "aws_security_group.alb (expand)" references: [aws_vpc.main (expand)]
2026-08-10T00:12:41.496-0500 [DEBUG] ReferenceTransformer: "output.web1_id (expand)" references: [aws_instance.web1 (expand)]
2026-08-10T00:12:41.496-0500 [DEBUG] ReferenceTransformer: "output.alb_dns_name (expand)" references: [aws_lb.main (expand)]
2026-08-10T00:12:41.496-0500 [DEBUG] ReferenceTransformer: "aws_db_instance.pedidos (expand)" references: [var.db_password aws_db_subnet_group.main (expand)]
2026-08-10T00:12:41.496-0500 [DEBUG] ReferenceTransformer: "aws_lb_listener.http (expand)" references: [aws_lb.main (expand) aws_lb_target_group.web (expand)]
2026-08-10T00:12:41.496-0500 [DEBUG] ReferenceTransformer: "aws_vpc.main (expand)" references: [var.vpc_cidr]
2026-08-10T00:12:41.496-0500 [DEBUG] ReferenceTransformer: "aws_subnet.pub1 (expand)" references: [aws_vpc.main (expand) var.az1]
2026-08-10T00:12:41.496-0500 [DEBUG] ReferenceTransformer: "aws_security_group.web (expand)" references: [aws_vpc.main (expand)]
2026-08-10T00:12:41.496-0500 [DEBUG] ReferenceTransformer: "aws_route_table_association.pub2 (expand)" references: [aws_subnet.pub2 (expand) aws_route_table.public (expand)]
2026-08-10T00:12:41.496-0500 [DEBUG] ReferenceTransformer: "aws_lb_target_group_attachment.web1 (expand)" references: [aws_lb_target_group.web (expand) aws_instance.web1 (expand)]
2026-08-10T00:12:41.496-0500 [DEBUG] ReferenceTransformer: "aws_route.default (expand)" references: [aws_internet_gateway.main (expand) aws_route_table.public (expand)]
2026-08-10T00:12:41.496-0500 [DEBUG] ReferenceTransformer: "aws_lb_target_group_attachment.web2 (expand)" references: [aws_lb_target_group.web (expand) aws_instance.web2 (expand)]
2026-08-10T00:12:41.496-0500 [DEBUG] ReferenceTransformer: "var.instance_type" references: []
2026-08-10T00:12:41.496-0500 [DEBUG] ReferenceTransformer: "var.db_password" references: []
2026-08-10T00:12:41.496-0500 [DEBUG] ReferenceTransformer: "var.az2" references: []
2026-08-10T00:12:41.496-0500 [DEBUG] ReferenceTransformer: "aws_subnet.priv1 (expand)" references: [aws_vpc.main (expand) var.az1]
2026-08-10T00:12:41.496-0500 [DEBUG] ReferenceTransformer: "aws_route_table_association.pub1 (expand)" references: [aws_subnet.pub1 (expand) aws_route_table.public (expand)]
2026-08-10T00:12:41.496-0500 [DEBUG] ReferenceTransformer: "var.vpc_cidr" references: []
2026-08-10T00:12:41.497-0500 [DEBUG] ReferenceTransformer: "aws_db_instance.inventario" references: [aws_db_subnet_group.main (expand) var.db_password]
2026-08-10T00:12:41.503-0500 [INFO]  backend/local: refresh calling Refresh
